"ID","Personaje","Rareza","Tipos","Aprendizaje por nivel","Definitiva al nivel 35","Pasiva","PS / ATQ / DEF / EATQ / EDEF / VEL"
"luffy","Luffy","3","Golpe / Fruta","1: Pistola de Goma | 8: Bazooka de Goma | 13: Gatling de Goma | 26: King Kong Gun","Jet Gatling","+15% de ataque con menos del 50% de PS. Inmune al Rayo.","24 / 12 / 8 / 10 / 7 / 10"
"luffy2","Luffy: Gears y Haki","4","Golpe / Fruta","20: Jet Pistol | 30: Haki de Armadura | 38: King Kong Gun","Jet Gatling","+15% de ataque con menos del 50% de PS. Inmune al Rayo.","30 / 16 / 10 / 14 / 9 / 15"
"zoro","Zoro","3","Corte","1: Corte | 7: Oni Giri | 14: Tora Gari | 25: Santoryu Ogi","Santoryu Ogi","Hasta +25 puntos de crítico según los PS perdidos.","23 / 13 / 9 / 11 / 8 / 9"
"zoro2","Zoro Santoryu","4","Corte / Haki","20: Santoryu Ogi | 30: Haki de Armadura | 36: Ashura","Ashura","Hasta +25 puntos de crítico según los PS perdidos.","29 / 17 / 11 / 15 / 10 / 12"
"nami","Nami","3","Rayo / Viento","1: Ráfaga | 6: Descarga | 13: Cyclone Tempo | 24: Thunderbolt Tempo","Thunderbolt Tempo","+10 puntos de evasión a los aliados vivos.","20 / 10 / 7 / 12 / 8 / 12"
"nami2","Nami Clima-Tact","4","Rayo / Viento","20: Thunderbolt Tempo | 28: Cyclone Tempo","Thunderbolt Tempo","+10 puntos de evasión a los aliados vivos.","26 / 14 / 9 / 16 / 10 / 16"
"coby","Coby","1","Golpe","1: Puñetazo | 10: Cabezazo | 18: Golpe con Soru","Golpe con Soru","Sin pasiva individual","18 / 8 / 7 / 6 / 6 / 8"
"coby2","Coby Marine","2","Golpe / Haki","16: Golpe con Soru | 26: Haki de Armadura","Haki de Armadura","Sin pasiva individual","24 / 12 / 10 / 10 / 9 / 11"
"usopp","Usopp","2","Disparo","1: Tirachinas | 8: Estrella de Fuego | 15: Estrella de Plomo | 24: Kabuto Verde","Kabuto Verde","+30% de velocidad en la primera ronda.","19 / 10 / 6 / 8 / 5 / 11"
"usopp2","Sogeking","3","Disparo / Fuego","22: Kabuto Verde | 30: Estrella de Fuego","Estrella de Fuego","+30% de velocidad en la primera ronda.","25 / 14 / 8 / 12 / 7 / 13"
"sanji","Sanji","3","Golpe / Fuego","1: Patada | 9: Collier Shoot | 16: Mouton Shot | 26: Diable Jambe","Diable Jambe","Reduce un 15% todo el daño de ataques recibido.","22 / 12 / 8 / 10 / 7 / 12"
"johnny","Johnny","1","Corte","1: Corte | 12: Corte Doble","Corte Doble","Sin pasiva individual","17 / 9 / 7 / 7 / 6 / 9"
"yosaku","Yosaku","1","Corte","1: Corte | 12: Corte Doble","Corte Doble","Sin pasiva individual","18 / 9 / 8 / 7 / 7 / 8"
"piratanovato","Pirata Novato","1","Golpe","1: Puñetazo | 10: Cabezazo","Cabezazo","Sin pasiva individual","16 / 8 / 6 / 6 / 5 / 7"
"marineraso","Marine Raso","1","Disparo","1: Rifle de Marine | 12: Cañonazo","Cañonazo","Sin pasiva individual","16 / 8 / 7 / 6 / 6 / 7"
"bandido","Bandido de Montaña","1","Golpe / Tierra","1: Puñetazo | 9: Rocazo | 17: Pisotón Sísmico","Pisotón Sísmico","Sin pasiva individual","18 / 9 / 7 / 7 / 6 / 6"
"pescador","Pescador Bravo","1","Agua","1: Chorro de Agua | 11: Arpón","Arpón","Sin pasiva individual","17 / 7 / 7 / 9 / 8 / 8"
"piratapayaso","Pirata Payaso","1","Corte","1: Cuchillas Circenses | 12: Corte Doble","Corte Doble","Sin pasiva individual","17 / 9 / 6 / 7 / 5 / 9"
"piratagato","Pirata Gato Negro","2","Corte / Oscuridad","1: Garra de Gato | 11: Golpe Bajo","Garra de Gato","Sin pasiva individual","18 / 10 / 6 / 8 / 5 / 10"
"cocinapirata","Cocinero de Krieg","2","Golpe / Fuego","1: Patada | 10: Llamarada","Llamarada","Sin pasiva individual","18 / 9 / 8 / 7 / 7 / 8"
"gyojin","Hombre-Pez","2","Agua / Golpe","1: Chorro de Agua | 9: Karate Gyojin | 18: Tiburón Dardo","Tiburón Dardo","Sin pasiva individual","20 / 10 / 8 / 12 / 9 / 9"
"gaimon","Gaimon","2","Tierra","1: Rocazo | 14: Pisotón Sísmico","Pisotón Sísmico","Sin pasiva individual","19 / 7 / 11 / 9 / 12 / 5"
"chouchou","Chouchou","1","Golpe","1: Cabezazo | 10: Puñetazo","Cabezazo","Sin pasiva individual","15 / 8 / 6 / 6 / 5 / 10"
"alvida","Alvida","2","Golpe","1: Cabezazo | 8: Puñetazo","Cabezazo","Sin pasiva individual","22 / 11 / 9 / 9 / 8 / 6"
"helmeppo","Helmeppo","1","Corte","1: Corte","Corte","Sin pasiva individual","18 / 8 / 7 / 6 / 6 / 7"
"morgan","Capitán Morgan","3","Corte / Tierra","1: Hacha de Guerra | 10: Pisotón Sísmico","Pisotón Sísmico","Sin pasiva individual","26 / 13 / 10 / 11 / 9 / 7"
"mohji","Mohji y Richie","2","Golpe","1: Garra de Gato | 10: Cabezazo","Garra de Gato","Sin pasiva individual","20 / 10 / 8 / 8 / 7 / 8"
"cabaji","Cabaji","2","Corte","1: Cuchillas Circenses | 10: Corte Doble","Corte Doble","Sin pasiva individual","20 / 10 / 7 / 8 / 6 / 11"
"buggy","Buggy el Payaso","3","Corte / Fruta","1: Cuchillas Circenses | 1: Buggy Ball | 8: Corte Doble | 16: Muggy Ball","Muggy Ball","Inmune a ataques de Corte. Las bombas y los golpes sí le afectan.","27 / 13 / 9 / 11 / 8 / 10"
"sham","Sham y Buchi","2","Corte / Oscuridad","1: Garra de Gato | 10: Golpe Bajo","Garra de Gato","Sin pasiva individual","21 / 10 / 8 / 8 / 7 / 10"
"kuro","Capitán Kuro","3","Corte / Oscuridad","1: Garra de Gato | 10: Corte Doble | 18: Golpe Bajo","Golpe Bajo","Sin pasiva individual","28 / 14 / 9 / 12 / 8 / 14"
"gin","Gin","2","Golpe","1: Puñetazo | 10: Tonfas del Demonio","Tonfas del Demonio","Sin pasiva individual","23 / 12 / 9 / 10 / 8 / 10"
"pearl","Pearl","2","Golpe / Fuego","1: Puñetazo | 10: Llamarada","Llamarada","Sin pasiva individual","24 / 10 / 13 / 8 / 12 / 6"
"krieg","Don Krieg","3","Disparo / Veneno","1: Cañonazo | 10: Púa Venenosa | 18: Gas Venenoso MH5","Gas Venenoso MH5","Sin pasiva individual","30 / 14 / 12 / 12 / 11 / 8"
"chuu","Chuu","2","Agua / Disparo","1: Chorro de Agua | 10: Arpón","Arpón","Sin pasiva individual","23 / 11 / 8 / 13 / 9 / 10"
"kuroobi","Kuroobi","2","Agua / Golpe","1: Karate Gyojin | 10: Tiburón Dardo","Tiburón Dardo","Sin pasiva individual","24 / 12 / 10 / 14 / 11 / 9"
"hachi","Hachi","2","Corte / Agua","1: Corte Doble | 10: Oni Giri","Oni Giri","Sin pasiva individual","24 / 12 / 9 / 10 / 8 / 9"
"arlong","Arlong","4","Agua / Corte","1: Dientes de Sierra | 10: Tiburón Dardo | 20: Torpedo Acuático","Torpedo Acuático","+15% de daño físico y de Agua.","32 / 15 / 12 / 17 / 13 / 11"
"tashigi","Tashigi","3","Corte","1: Oni Giri | 12: Tora Gari","Tora Gari","Sin pasiva individual","25 / 13 / 10 / 11 / 9 / 12"
"smoker","Capitán Smoker","5","Viento / Fruta","1: White Blow | 12: Golpe Bajo | 20: Haki de Armadura","White Blow","+20 puntos de evasión.","34 / 15 / 13 / 17 / 14 / 12"
"chopper","Chopper","3","Fruta / Golpe","1: Remedy Touch | 8: Puñetazo | 16: Cabezazo | 24: Monster Point","Monster Point","Recupera un 3% de sus PS por ronda; el Clímax reduce la curación.","25 / 7 / 9 / 9 / 10 / 9"
"robin","Nico Robin","3","Fruta / Oscuridad","1: Cien Fleurs: Clutch | 12: Golpe Bajo | 24: Demonio Fleur","Demonio Fleur","+10 puntos de probabilidad de crítico.","21 / 9 / 8 / 11 / 9 / 10"
"franky","Franky","3","Disparo / Golpe","1: Strong Right | 10: Cañonazo | 22: Radical Beam","Radical Beam","Los ataques recibidos no pueden ser críticos.","30 / 11 / 13 / 9 / 12 / 7"
"brook","Brook","3","Corte / Hielo","1: Soul Solid | 10: Corte Doble | 20: Lullaby Flurry","Lullaby Flurry","Revive una vez por viaje con el 20% de PS. No revive aliados en Nuzlocke.","19 / 9 / 7 / 7 / 6 / 14"
"jinbe","Jinbe","4","Agua / Golpe","1: Karate Gyojin | 10: Tiburón Dardo | 22: Buraikan","Buraikan","+15% de defensa y de daño de Agua.","33 / 11 / 11 / 13 / 12 / 8"
"roger","Gol D. Roger","5","Haki","1: Kamusari | 15: Haki del Rey","Kamusari","+20% de daño de ataques de los aliados vivos.","34 / 16 / 13 / 18 / 14 / 13"
"newgate","Barbablanca","5","Tierra / Fruta","1: Pisotón Sísmico | 15: Shima Yurashi","Shima Yurashi","+25% de ataque con menos del 50% de PS.","38 / 16 / 14 / 18 / 15 / 8"
"kaido","Kaido","5","Fuego / Fruta","1: Bolo Breath | 18: Kaen Daiko","Kaen Daiko","+20% de defensa y -15% de daño recibido de ataques.","40 / 16 / 15 / 18 / 16 / 9"
"bigmom","Big Mom","5","Oscuridad / Fruta","1: Soul Pocus | 16: Ikoku","Ikoku","Drena un 4% de los PS del rival activo por ronda. El Clímax reduce la curación.","38 / 15 / 14 / 17 / 15 / 8"
"shanks","Shanks","5","Haki","1: Haki de Armadura | 14: Kamusari Carmesí","Kamusari Carmesí","Reduce un 15% el ataque del bando rival mientras viva.","34 / 16 / 12 / 18 / 13 / 14"
"teach","Barbanegra","5","Oscuridad / Fruta","1: Black Hole | 12: Pisotón Sísmico","Black Hole","+25% de daño contra usuarios de Fruta.","36 / 15 / 12 / 17 / 13 / 9"
"law","Trafalgar Law","4","Fruta / Corte","1: Shambles | 10: Oni Giri | 20: Gamma Knife","Gamma Knife","+15% de daño especial.","24 / 11 / 9 / 13 / 10 / 12"
"kid","Eustass Kid","4","Fruta / Rayo","1: Puñetazo | 12: Punk Rotten","Punk Rotten","+15% de daño físico.","26 / 12 / 10 / 14 / 11 / 8"
"mihawk","Dracule Mihawk","5","Corte / Haki","1: Oni Giri | 12: Corte del Mejor Espadachín","Corte del Mejor Espadachín","+15 puntos de probabilidad de crítico.","28 / 16 / 11 / 14 / 10 / 12"
"crocodile","Crocodile","4","Tierra / Fruta","1: Desert Spada | 12: Pisotón Sísmico","Desert Spada","Reduce un 15% el daño recibido, excepto Agua.","27 / 12 / 11 / 14 / 12 / 9"
"doflamingo","Doflamingo","4","Fruta / Corte","1: Parasite | 10: Corte Doble","Parasite","+15% de daño especial.","27 / 13 / 10 / 15 / 11 / 12"
"kuma","Bartholomew Kuma","4","Fruta / Golpe","1: Puñetazo | 12: Ursus Shock","Ursus Shock","Sin pasiva individual","30 / 12 / 14 / 14 / 15 / 7"
"hancock","Boa Hancock","4","Fruta / Golpe","1: Mero Mero Mellow | 10: Patada","Mero Mero Mellow","Al golpear reduce la velocidad rival un 15% durante la siguiente ronda.","24 / 12 / 9 / 14 / 10 / 12"
"akainu","Akainu","5","Fuego / Fruta","1: Llamarada | 14: Dai Funka","Dai Funka","+20% de daño de Fuego.","30 / 15 / 13 / 17 / 14 / 8"
"kizaru","Kizaru","5","Rayo / Fruta","1: Descarga | 14: Yasakani no Magatama","Yasakani no Magatama","+30% de velocidad.","26 / 13 / 10 / 15 / 11 / 15"
"aokiji","Aokiji","5","Hielo / Fruta","1: Soul Solid | 12: Ice Age","Ice Age","Al golpear reduce la velocidad rival un 15% durante la siguiente ronda.","28 / 12 / 12 / 14 / 13 / 9"
"garp","Monkey D. Garp","5","Golpe / Haki","1: Puñetazo | 12: Galaxy Impact","Galaxy Impact","Los ataques físicos ignoran un 30% de la defensa rival.","30 / 16 / 12 / 14 / 11 / 10"
"dragon","Monkey D. Dragon","5","Viento / Haki","1: Ráfaga | 12: Vientos de Libertad","Vientos de Libertad","+15 puntos de evasión a los aliados vivos. Interpretación para el juego.","30 / 14 / 12 / 16 / 13 / 12"
"sabo","Sabo","4","Fuego / Haki","1: Patada | 12: Hiken","Hiken","+15% de daño de Fuego.","26 / 13 / 10 / 15 / 11 / 12"
"lucci","Rob Lucci","4","Fruta / Haki","1: Garra de Gato | 14: Rokuogan","Rokuogan","+15% de daño físico.","26 / 13 / 11 / 15 / 12 / 13"
"bonney","Jewelry Bonney","3","Fruta","1: Puñetazo | 10: Distortion Future","Distortion Future","Sin pasiva individual","22 / 10 / 9 / 12 / 10 / 11"
"vegapunk","Dr. Vegapunk","3","Disparo / Rayo","1: Descarga | 8: Guardia Férrea | 14: Radical Beam","Radical Beam","Sin pasiva individual","20 / 9 / 9 / 7 / 8 / 8"
"oden","Kozuki Oden","5","Corte / Haki","1: Oni Giri | 14: Togen Totsuka","Togen Totsuka","+10 puntos de crítico y +0,20 al multiplicador de daño crítico.","30 / 16 / 11 / 14 / 10 / 12"
"yamato","Yamato","4","Rayo / Hielo","1: Cabezazo | 12: Raimei Hakke","Raimei Hakke","+15% de ataque y defensa.","28 / 13 / 11 / 15 / 12 / 11"
"king","King","4","Fuego / Fruta","1: Llamarada | 12: Llama Lunaria","Llama Lunaria","Reduce un 15% el daño recibido de ataques.","28 / 13 / 13 / 15 / 14 / 11"
"queen","Queen","4","Veneno / Fruta","1: Púa Venenosa | 12: Virus Momia","Virus Momia","+20% de daño de Veneno.","32 / 12 / 13 / 14 / 14 / 7"
"katakuri","Katakuri","5","Fruta / Haki","1: Mochi Tsuki | 14: Haki de Armadura","Mochi Tsuki","Esquiva los dos primeros ataques del combate.","28 / 13 / 11 / 15 / 12 / 12"
"marco","Marco el Fénix","4","Fuego / Fruta","1: Llamarada | 10: Llamas del Fénix","Llamarada","Cura al aliado activo un 6% de sus PS por ronda; el Clímax reduce la curación.","27 / 11 / 11 / 13 / 12 / 12"
"ace","Portgas D. Ace","4","Fuego / Fruta","1: Llamarada | 10: Hiken | 20: Dai Enkai: Entei","Dai Enkai: Entei","Sin pasiva individual","26 / 13 / 10 / 15 / 11 / 12"
"kaya","Kaya","1","Viento","1: Ráfaga | 10: Vendaval | 20: Tornado","Tornado","Sin pasiva individual","16 / 7 / 7 / 9 / 8 / 8"
"merry","Merry","1","Golpe","1: Golpe básico | 10: Golpe frontal | 20: Impacto contundente","Impacto contundente","Sin pasiva individual","17 / 9 / 7 / 7 / 6 / 8"
"ninjin","Ninjin","1","Disparo","1: Disparo | 10: Disparo preciso | 20: Artillería","Artillería","Sin pasiva individual","15 / 8 / 7 / 6 / 6 / 7"
"piiman","Piiman","1","Disparo","1: Disparo | 10: Disparo preciso | 20: Artillería","Artillería","Sin pasiva individual","15 / 8 / 7 / 6 / 6 / 7"
"tamanegi","Tamanegi","1","Disparo","1: Disparo | 10: Disparo preciso | 20: Artillería","Artillería","Sin pasiva individual","17 / 9 / 7 / 7 / 6 / 8"
"boodle","Boodle","1","Golpe","1: Golpe básico | 10: Golpe frontal | 20: Impacto contundente","Impacto contundente","Sin pasiva individual","15 / 8 / 7 / 6 / 6 / 7"
"zeff","Zeff","3","Golpe / Fuego","1: Golpe básico | 10: Ráfaga ígnea | 20: Impacto contundente","Impacto contundente","Sin pasiva individual","24 / 12 / 9 / 10 / 8 / 11"
"patty","Patty","1","Golpe","1: Golpe básico | 10: Golpe frontal | 20: Impacto contundente","Impacto contundente","Sin pasiva individual","17 / 9 / 7 / 7 / 6 / 8"
"carnecook","Carne","1","Golpe","1: Golpe básico | 10: Golpe frontal | 20: Impacto contundente","Impacto contundente","Sin pasiva individual","15 / 8 / 7 / 6 / 6 / 7"
"bellemere","Belle-mère","2","Disparo","1: Disparo | 10: Disparo preciso | 20: Artillería","Artillería","Sin pasiva individual","19 / 10 / 8 / 8 / 7 / 8"
"nojiko","Nojiko","1","Viento","1: Ráfaga | 10: Vendaval | 20: Tornado","Tornado","Sin pasiva individual","15 / 7 / 7 / 9 / 8 / 7"
"genzo","Genzo","1","Golpe","1: Golpe básico | 10: Golpe frontal | 20: Impacto contundente","Impacto contundente","Sin pasiva individual","17 / 9 / 7 / 7 / 6 / 8"
"kuina","Kuina","2","Corte","1: Corte básico | 10: Corte doble | 20: Corte certero","Corte certero","Sin pasiva individual","21 / 11 / 8 / 9 / 7 / 9"
"koushirou","Koushirou","2","Corte","1: Corte básico | 10: Corte doble | 20: Corte certero","Corte certero","Sin pasiva individual","19 / 10 / 8 / 8 / 7 / 8"
"makino","Makino","1","Viento","1: Ráfaga | 10: Vendaval | 20: Tornado","Tornado","Sin pasiva individual","15 / 7 / 7 / 9 / 8 / 7"
"woopslap","Woop Slap","1","Golpe","1: Golpe básico | 10: Golpe frontal | 20: Impacto contundente","Impacto contundente","Sin pasiva individual","17 / 9 / 7 / 7 / 6 / 8"
"ipponmatsu","Ipponmatsu","1","Corte","1: Corte básico | 10: Corte doble | 20: Corte certero","Corte certero","Sin pasiva individual","16 / 8 / 7 / 6 / 6 / 8"
"bogard","Bogard","2","Corte","1: Corte básico | 10: Corte doble | 20: Corte certero","Corte certero","Sin pasiva individual","19 / 10 / 8 / 8 / 7 / 8"
"brandnew","Brandnew","1","Disparo","1: Disparo | 10: Disparo preciso | 20: Artillería","Artillería","Sin pasiva individual","17 / 9 / 7 / 7 / 6 / 8"
"higuma","Higuma","1","Corte","1: Corte básico | 10: Corte doble | 20: Corte certero","Corte certero","Sin pasiva individual","15 / 8 / 7 / 6 / 6 / 7"
"jango","Jango","1","Corte","1: Corte básico | 10: Corte doble | 20: Corte certero","Corte certero","Sin pasiva individual","17 / 9 / 7 / 7 / 6 / 8"
"fullbody","Fullbody","1","Golpe","1: Golpe básico | 10: Golpe frontal | 20: Impacto contundente","Impacto contundente","Sin pasiva individual","17 / 9 / 7 / 7 / 6 / 8"
"nezumi","Nezumi","1","Disparo","1: Disparo | 10: Disparo preciso | 20: Artillería","Artillería","Sin pasiva individual","15 / 8 / 7 / 6 / 6 / 7"
"ripper","Ripper","1","Disparo","1: Disparo | 10: Disparo preciso | 20: Artillería","Artillería","Sin pasiva individual","15 / 8 / 7 / 6 / 6 / 7"
"vivi","Nefertari Vivi","3","Viento","1: Ráfaga | 10: Vendaval | 20: Tornado","Tornado","Sin pasiva individual","24 / 11 / 9 / 13 / 10 / 11"
"karoo","Karoo","2","Viento","1: Ráfaga | 10: Vendaval | 20: Tornado","Tornado","Sin pasiva individual","21 / 10 / 8 / 12 / 9 / 9"
"igaram","Igaram","2","Disparo","1: Disparo | 10: Disparo preciso | 20: Artillería","Artillería","Sin pasiva individual","19 / 10 / 8 / 8 / 7 / 8"
"cobra","Nefertari Cobra","2","Haki","1: Armadura | 10: Impacto de Haki | 20: Haki concentrado","Haki concentrado","Sin pasiva individual","21 / 10 / 8 / 12 / 9 / 9"
"chaka","Chaka","3","Corte / Fruta","1: Corte básico | 10: Dominio de Fruta | 20: Corte certero","Corte certero","Sin pasiva individual","25 / 13 / 9 / 11 / 8 / 11"
"pell","Pell","3","Viento / Fruta","1: Ráfaga | 10: Dominio de Fruta | 20: Tornado","Tornado","Sin pasiva individual","24 / 11 / 9 / 13 / 10 / 11"
"kohza","Kohza","2","Golpe","1: Golpe básico | 10: Golpe frontal | 20: Impacto contundente","Impacto contundente","Sin pasiva individual","21 / 11 / 8 / 9 / 7 / 9"
"toto","Toto","1","Tierra","1: Rocazo | 10: Impacto sísmico | 20: Ruptura terrestre","Ruptura terrestre","Sin pasiva individual","16 / 7 / 7 / 9 / 8 / 8"
"kureha","Dr. Kureha","3","Veneno","1: Púa venenosa | 10: Gas tóxico | 20: Nube venenosa","Nube venenosa","Sin pasiva individual","23 / 11 / 9 / 13 / 10 / 10"
"hiriluk","Dr. Hiriluk","1","Veneno","1: Púa venenosa | 10: Gas tóxico | 20: Nube venenosa","Nube venenosa","Sin pasiva individual","16 / 7 / 7 / 9 / 8 / 8"
"dalton","Dalton","3","Golpe / Fruta","1: Golpe básico | 10: Dominio de Fruta | 20: Impacto contundente","Impacto contundente","Sin pasiva individual","23 / 12 / 9 / 10 / 8 / 10"
"dorry","Dorry","3","Corte / Tierra","1: Corte básico | 10: Impacto sísmico | 20: Corte certero","Corte certero","Sin pasiva individual","25 / 13 / 9 / 11 / 8 / 11"
"brogy","Brogy","3","Golpe / Tierra","1: Golpe básico | 10: Impacto sísmico | 20: Impacto contundente","Impacto contundente","Sin pasiva individual","25 / 13 / 9 / 11 / 8 / 11"
"wapol","Wapol","3","Golpe / Fruta","1: Golpe básico | 10: Dominio de Fruta | 20: Impacto contundente","Impacto contundente","Sin pasiva individual","25 / 13 / 9 / 11 / 8 / 11"
"chess","Chess","2","Disparo","1: Disparo | 10: Disparo preciso | 20: Artillería","Artillería","Sin pasiva individual","21 / 11 / 8 / 9 / 7 / 9"
"kuromarimo","Kuromarimo","2","Golpe","1: Golpe básico | 10: Golpe frontal | 20: Impacto contundente","Impacto contundente","Sin pasiva individual","20 / 10 / 8 / 8 / 7 / 9"
"gem","Gem (Mr. 5)","2","Fuego / Fruta","1: Llamarada | 10: Dominio de Fruta | 20: Explosión de fuego","Explosión de fuego","Sin pasiva individual","19 / 9 / 8 / 11 / 9 / 8"
"mikita","Mikita (Miss Valentine)","2","Golpe / Fruta","1: Golpe básico | 10: Dominio de Fruta | 20: Impacto contundente","Impacto contundente","Sin pasiva individual","19 / 10 / 8 / 8 / 7 / 8"
"galdino","Galdino (Mr. 3)","2","Tierra / Fruta","1: Rocazo | 10: Dominio de Fruta | 20: Ruptura terrestre","Ruptura terrestre","Sin pasiva individual","20 / 9 / 8 / 11 / 9 / 9"
"marianne","Miss Goldenweek","1","Oscuridad","1: Golpe bajo | 10: Presión sombría | 20: Asalto sombrío","Asalto sombrío","Sin pasiva individual","17 / 8 / 7 / 10 / 8 / 8"
"mr4","Mr. 4","2","Golpe","1: Golpe básico | 10: Golpe frontal | 20: Impacto contundente","Impacto contundente","Sin pasiva individual","19 / 10 / 8 / 8 / 7 / 8"
"merrychristmas","Miss Merry Christmas","2","Tierra / Fruta","1: Rocazo | 10: Dominio de Fruta | 20: Ruptura terrestre","Ruptura terrestre","Sin pasiva individual","21 / 10 / 8 / 12 / 9 / 9"
"bentham","Bentham (Mr. 2)","3","Golpe / Fruta","1: Golpe básico | 10: Dominio de Fruta | 20: Impacto contundente","Impacto contundente","Sin pasiva individual","24 / 12 / 9 / 10 / 8 / 11"
"dazbones","Daz Bones (Mr. 1)","3","Corte / Fruta","1: Corte básico | 10: Dominio de Fruta | 20: Corte certero","Corte certero","Sin pasiva individual","25 / 13 / 9 / 11 / 8 / 11"
"paula","Paula (Doublefinger)","3","Corte / Fruta","1: Corte básico | 10: Dominio de Fruta | 20: Corte certero","Corte certero","Sin pasiva individual","25 / 13 / 9 / 11 / 8 / 11"
"hina","Hina","3","Fruta","1: Técnica de Fruta | 10: Dominio de Fruta | 20: Poder de Fruta","Poder de Fruta","Sin pasiva individual","24 / 11 / 9 / 13 / 10 / 11"
"ganfall","Gan Fall","3","Viento","1: Ráfaga | 10: Vendaval | 20: Tornado","Tornado","Sin pasiva individual","24 / 11 / 9 / 13 / 10 / 11"
"pierre","Pierre","1","Viento","1: Ráfaga | 10: Vendaval | 20: Tornado","Tornado","Sin pasiva individual","15 / 7 / 7 / 9 / 8 / 7"
"conis","Conis","1","Viento","1: Ráfaga | 10: Vendaval | 20: Tornado","Tornado","Sin pasiva individual","17 / 8 / 7 / 10 / 8 / 8"
"pagaya","Pagaya","1","Disparo","1: Disparo | 10: Disparo preciso | 20: Artillería","Artillería","Sin pasiva individual","15 / 8 / 7 / 6 / 6 / 7"
"wyper","Wyper","3","Disparo / Fuego","1: Disparo | 10: Ráfaga ígnea | 20: Artillería","Artillería","Sin pasiva individual","25 / 13 / 9 / 11 / 8 / 11"
"kamakiri","Kamakiri","2","Corte","1: Corte básico | 10: Corte doble | 20: Corte certero","Corte certero","Sin pasiva individual","21 / 11 / 8 / 9 / 7 / 9"
"braham","Braham","2","Disparo","1: Disparo | 10: Disparo preciso | 20: Artillería","Artillería","Sin pasiva individual","19 / 10 / 8 / 8 / 7 / 8"
"genbo","Genbo","2","Tierra","1: Rocazo | 10: Impacto sísmico | 20: Ruptura terrestre","Ruptura terrestre","Sin pasiva individual","21 / 10 / 8 / 12 / 9 / 9"
"raki","Raki","1","Disparo","1: Disparo | 10: Disparo preciso | 20: Artillería","Artillería","Sin pasiva individual","16 / 8 / 7 / 6 / 6 / 8"
"aisa","Aisa","1","Haki","1: Armadura | 10: Impacto de Haki | 20: Haki concentrado","Haki concentrado","Sin pasiva individual","16 / 7 / 7 / 9 / 8 / 8"
"cricket","Mont Blanc Cricket","2","Golpe","1: Golpe básico | 10: Golpe frontal | 20: Impacto contundente","Impacto contundente","Sin pasiva individual","20 / 10 / 8 / 8 / 7 / 9"
"masira","Masira","2","Golpe","1: Golpe básico | 10: Golpe frontal | 20: Impacto contundente","Impacto contundente","Sin pasiva individual","19 / 10 / 8 / 8 / 7 / 8"
"shoujou","Shoujou","2","Golpe","1: Golpe básico | 10: Golpe frontal | 20: Impacto contundente","Impacto contundente","Sin pasiva individual","20 / 10 / 8 / 8 / 7 / 9"
"noland","Mont Blanc Noland","3","Corte","1: Corte básico | 10: Corte doble | 20: Corte certero","Corte certero","Sin pasiva individual","23 / 12 / 9 / 10 / 8 / 10"
"kalgara","Kalgara","3","Corte / Fuego","1: Corte básico | 10: Ráfaga ígnea | 20: Corte certero","Corte certero","Sin pasiva individual","24 / 12 / 9 / 10 / 8 / 11"
"bellamy","Bellamy","2","Golpe / Fruta","1: Golpe básico | 10: Dominio de Fruta | 20: Impacto contundente","Impacto contundente","Sin pasiva individual","20 / 10 / 8 / 8 / 7 / 9"
"sarquiss","Sarquiss","2","Corte","1: Corte básico | 10: Corte doble | 20: Corte certero","Corte certero","Sin pasiva individual","21 / 11 / 8 / 9 / 7 / 9"
"satori","Satori","2","Viento","1: Ráfaga | 10: Vendaval | 20: Tornado","Tornado","Sin pasiva individual","19 / 9 / 8 / 11 / 9 / 8"
"shura","Shura","2","Fuego","1: Llamarada | 10: Ráfaga ígnea | 20: Explosión de fuego","Explosión de fuego","Sin pasiva individual","21 / 10 / 8 / 12 / 9 / 9"
"gedatsu","Gedatsu","2","Golpe","1: Golpe básico | 10: Golpe frontal | 20: Impacto contundente","Impacto contundente","Sin pasiva individual","20 / 10 / 8 / 8 / 7 / 9"
"ohm","Ohm","3","Corte","1: Corte básico | 10: Corte doble | 20: Corte certero","Corte certero","Sin pasiva individual","23 / 12 / 9 / 10 / 8 / 10"
"yama","Yama","2","Tierra","1: Rocazo | 10: Impacto sísmico | 20: Ruptura terrestre","Ruptura terrestre","Sin pasiva individual","20 / 9 / 8 / 11 / 9 / 9"
"enel","Enel","5","Rayo / Fruta","1: Descarga | 10: Dominio de Fruta | 20: Tormenta eléctrica","Tormenta eléctrica","+15% de daño de Rayo. Esquiva el primer ataque del combate.","34 / 15 / 13 / 17 / 14 / 13"
"iceburg","Iceburg","3","Golpe","1: Golpe básico | 10: Golpe frontal | 20: Impacto contundente","Impacto contundente","Sin pasiva individual","24 / 12 / 9 / 10 / 8 / 11"
"paulie","Paulie","2","Corte","1: Corte básico | 10: Corte doble | 20: Corte certero","Corte certero","Sin pasiva individual","19 / 10 / 8 / 8 / 7 / 8"
"lulu","Peepley Lulu","2","Corte","1: Corte básico | 10: Corte doble | 20: Corte certero","Corte certero","Sin pasiva individual","20 / 10 / 8 / 8 / 7 / 9"
"tilestone","Tilestone","2","Golpe","1: Golpe básico | 10: Golpe frontal | 20: Impacto contundente","Impacto contundente","Sin pasiva individual","19 / 10 / 8 / 8 / 7 / 8"
"kokoro","Kokoro","2","Agua","1: Chorro de agua | 10: Onda marina | 20: Torpedo acuático","Torpedo acuático","Sin pasiva individual","19 / 9 / 8 / 11 / 9 / 8"
"chimney","Chimney","1","Golpe","1: Golpe básico | 10: Golpe frontal | 20: Impacto contundente","Impacto contundente","Sin pasiva individual","16 / 8 / 7 / 6 / 6 / 8"
"gonbe","Gonbe","1","Golpe","1: Golpe básico | 10: Golpe frontal | 20: Impacto contundente","Impacto contundente","Sin pasiva individual","17 / 9 / 7 / 7 / 6 / 8"
"zambai","Zambai","2","Disparo","1: Disparo | 10: Disparo preciso | 20: Artillería","Artillería","Sin pasiva individual","19 / 10 / 8 / 8 / 7 / 8"
"kiwi","Kiwi","1","Corte","1: Corte básico | 10: Corte doble | 20: Corte certero","Corte certero","Sin pasiva individual","16 / 8 / 7 / 6 / 6 / 8"
"mozu","Mozu","1","Corte","1: Corte básico | 10: Corte doble | 20: Corte certero","Corte certero","Sin pasiva individual","16 / 8 / 7 / 6 / 6 / 8"
"tom","Tom","3","Golpe / Agua","1: Golpe básico | 10: Onda marina | 20: Impacto contundente","Impacto contundente","Sin pasiva individual","23 / 12 / 9 / 10 / 8 / 10"
"yokozuna","Yokozuna","2","Golpe","1: Golpe básico | 10: Golpe frontal | 20: Impacto contundente","Impacto contundente","Sin pasiva individual","21 / 11 / 8 / 9 / 7 / 9"
"oimo","Oimo","2","Golpe / Tierra","1: Golpe básico | 10: Impacto sísmico | 20: Impacto contundente","Impacto contundente","Sin pasiva individual","20 / 10 / 8 / 8 / 7 / 9"
"kashi","Kashi","2","Corte / Tierra","1: Corte básico | 10: Impacto sísmico | 20: Corte certero","Corte certero","Sin pasiva individual","21 / 11 / 8 / 9 / 7 / 9"
"tbone","T-Bone","2","Corte","1: Corte básico | 10: Corte doble | 20: Corte certero","Corte certero","Sin pasiva individual","21 / 11 / 8 / 9 / 7 / 9"
"wanze","Wanze","1","Golpe","1: Golpe básico | 10: Golpe frontal | 20: Impacto contundente","Impacto contundente","Sin pasiva individual","17 / 9 / 7 / 7 / 6 / 8"
"nero","Nero","1","Corte","1: Corte básico | 10: Corte doble | 20: Corte certero","Corte certero","Sin pasiva individual","16 / 8 / 7 / 6 / 6 / 8"
"blueno","Blueno","3","Golpe / Fruta","1: Golpe básico | 10: Dominio de Fruta | 20: Impacto contundente","Impacto contundente","Sin pasiva individual","23 / 12 / 9 / 10 / 8 / 10"
"kaku","Kaku","3","Corte / Fruta","1: Corte básico | 10: Dominio de Fruta | 20: Corte certero","Corte certero","Sin pasiva individual","24 / 12 / 9 / 10 / 8 / 11"
"kalifa","Kalifa","3","Golpe / Fruta","1: Golpe básico | 10: Dominio de Fruta | 20: Impacto contundente","Impacto contundente","Sin pasiva individual","23 / 12 / 9 / 10 / 8 / 10"
"jabra","Jabra","3","Golpe / Fruta","1: Golpe básico | 10: Dominio de Fruta | 20: Impacto contundente","Impacto contundente","Sin pasiva individual","25 / 13 / 9 / 11 / 8 / 11"
"kumadori","Kumadori","2","Golpe","1: Golpe básico | 10: Golpe frontal | 20: Impacto contundente","Impacto contundente","Sin pasiva individual","21 / 11 / 8 / 9 / 7 / 9"
"fukuro","Fukuro","2","Golpe","1: Golpe básico | 10: Golpe frontal | 20: Impacto contundente","Impacto contundente","Sin pasiva individual","19 / 10 / 8 / 8 / 7 / 8"
"spandam","Spandam","1","Corte","1: Corte básico | 10: Corte doble | 20: Corte certero","Corte certero","Sin pasiva individual","16 / 8 / 7 / 6 / 6 / 8"
"lola","Lola","2","Golpe","1: Golpe básico | 10: Golpe frontal | 20: Impacto contundente","Impacto contundente","Sin pasiva individual","20 / 10 / 8 / 8 / 7 / 9"
"cindry","Victoria Cindry","2","Golpe","1: Golpe básico | 10: Golpe frontal | 20: Impacto contundente","Impacto contundente","Sin pasiva individual","19 / 10 / 8 / 8 / 7 / 8"
"kumashi","Kumashi","1","Golpe","1: Golpe básico | 10: Golpe frontal | 20: Impacto contundente","Impacto contundente","Sin pasiva individual","16 / 8 / 7 / 6 / 6 / 8"
"risky","Risky Brothers","1","Golpe","1: Golpe básico | 10: Golpe frontal | 20: Impacto contundente","Impacto contundente","Sin pasiva individual","17 / 9 / 7 / 7 / 6 / 8"
"hildon","Hildon","1","Oscuridad","1: Golpe bajo | 10: Presión sombría | 20: Asalto sombrío","Asalto sombrío","Sin pasiva individual","15 / 7 / 7 / 9 / 8 / 7"
"tararan","Tararan","2","Veneno","1: Púa venenosa | 10: Gas tóxico | 20: Nube venenosa","Nube venenosa","Sin pasiva individual","20 / 9 / 8 / 11 / 9 / 9"
"perona","Perona","3","Oscuridad / Fruta","1: Golpe bajo | 10: Dominio de Fruta | 20: Asalto sombrío","Asalto sombrío","Sin pasiva individual","23 / 11 / 9 / 13 / 10 / 10"
"absalom","Absalom","3","Golpe / Fruta","1: Golpe básico | 10: Dominio de Fruta | 20: Impacto contundente","Impacto contundente","Sin pasiva individual","24 / 12 / 9 / 10 / 8 / 11"
"hogback","Dr. Hogback","2","Veneno","1: Púa venenosa | 10: Gas tóxico | 20: Nube venenosa","Nube venenosa","Sin pasiva individual","20 / 9 / 8 / 11 / 9 / 9"
"ryuma","Ryuma","4","Corte / Oscuridad","1: Corte básico | 10: Presión sombría | 20: Corte certero","Corte certero","Sin pasiva individual","29 / 15 / 11 / 13 / 10 / 12"
"oars","Oars","4","Golpe / Tierra","1: Golpe básico | 10: Impacto sísmico | 20: Impacto contundente","Impacto contundente","Sin pasiva individual","28 / 14 / 11 / 12 / 10 / 12"
"moria","Gecko Moria","5","Oscuridad / Fruta","1: Golpe bajo | 10: Dominio de Fruta | 20: Asalto sombrío","Asalto sombrío","Drena un 3% de los PS del rival activo por ronda. El Clímax reduce la curación.","35 / 16 / 13 / 18 / 14 / 13"
"sandersonia","Boa Sandersonia","3","Fruta","1: Técnica de Fruta | 10: Dominio de Fruta | 20: Poder de Fruta","Poder de Fruta","Sin pasiva individual","25 / 12 / 9 / 14 / 10 / 11"
"marigold","Boa Marigold","3","Fruta / Veneno","1: Técnica de Fruta | 10: Gas tóxico | 20: Poder de Fruta","Poder de Fruta","Sin pasiva individual","25 / 12 / 9 / 14 / 10 / 11"
"gloriosa","Gloriosa","2","Haki","1: Armadura | 10: Impacto de Haki | 20: Haki concentrado","Haki concentrado","Sin pasiva individual","21 / 10 / 8 / 12 / 9 / 9"
"marguerite","Marguerite","2","Disparo","1: Disparo | 10: Disparo preciso | 20: Artillería","Artillería","Sin pasiva individual","20 / 10 / 8 / 8 / 7 / 9"
"dadan","Curly Dadan","2","Golpe","1: Golpe básico | 10: Golpe frontal | 20: Impacto contundente","Impacto contundente","Sin pasiva individual","21 / 11 / 8 / 9 / 7 / 9"
"dogra","Dogra","1","Corte","1: Corte básico | 10: Corte doble | 20: Corte certero","Corte certero","Sin pasiva individual","17 / 9 / 7 / 7 / 6 / 8"
"magra","Magra","1","Golpe","1: Golpe básico | 10: Golpe frontal | 20: Impacto contundente","Impacto contundente","Sin pasiva individual","17 / 9 / 7 / 7 / 6 / 8"
"rouge","Portgas D. Rouge","2","Haki","1: Armadura | 10: Impacto de Haki | 20: Haki concentrado","Haki concentrado","Sin pasiva individual","21 / 10 / 8 / 12 / 9 / 9"
"ivankov","Emporio Ivankov","4","Golpe / Fruta","1: Golpe básico | 10: Dominio de Fruta | 20: Impacto contundente","Impacto contundente","Sin pasiva individual","28 / 14 / 11 / 12 / 10 / 12"
"inazuma","Inazuma","3","Corte / Fruta","1: Corte básico | 10: Dominio de Fruta | 20: Corte certero","Corte certero","Sin pasiva individual","24 / 12 / 9 / 10 / 8 / 11"
"jozu","Jozu","4","Golpe / Fruta","1: Golpe básico | 10: Dominio de Fruta | 20: Impacto contundente","Impacto contundente","Sin pasiva individual","28 / 14 / 11 / 12 / 10 / 12"
"vista","Vista","4","Corte","1: Corte básico | 10: Corte doble | 20: Corte certero","Corte certero","Sin pasiva individual","29 / 15 / 11 / 13 / 10 / 12"
"thatch","Thatch","3","Corte","1: Corte básico | 10: Corte doble | 20: Corte certero","Corte certero","Sin pasiva individual","23 / 12 / 9 / 10 / 8 / 10"
"izo","Izo","3","Disparo","1: Disparo | 10: Disparo preciso | 20: Artillería","Artillería","Sin pasiva individual","23 / 12 / 9 / 10 / 8 / 10"
"haruta","Haruta","2","Corte","1: Corte básico | 10: Corte doble | 20: Corte certero","Corte certero","Sin pasiva individual","19 / 10 / 8 / 8 / 7 / 8"
"atmos","Atmos","2","Golpe","1: Golpe básico | 10: Golpe frontal | 20: Impacto contundente","Impacto contundente","Sin pasiva individual","21 / 11 / 8 / 9 / 7 / 9"
"fossa","Fossa","2","Corte / Fuego","1: Corte básico | 10: Ráfaga ígnea | 20: Corte certero","Corte certero","Sin pasiva individual","21 / 11 / 8 / 9 / 7 / 9"
"curiel","Curiel","2","Disparo","1: Disparo | 10: Disparo preciso | 20: Artillería","Artillería","Sin pasiva individual","19 / 10 / 8 / 8 / 7 / 8"
"namur","Namur","2","Agua","1: Chorro de agua | 10: Onda marina | 20: Torpedo acuático","Torpedo acuático","Sin pasiva individual","21 / 10 / 8 / 12 / 9 / 9"
"blenheim","Blenheim","2","Golpe","1: Golpe básico | 10: Golpe frontal | 20: Impacto contundente","Impacto contundente","Sin pasiva individual","21 / 11 / 8 / 9 / 7 / 9"
"rakuyo","Rakuyo","2","Golpe","1: Golpe básico | 10: Golpe frontal | 20: Impacto contundente","Impacto contundente","Sin pasiva individual","19 / 10 / 8 / 8 / 7 / 8"
"blamenco","Blamenco","2","Golpe","1: Golpe básico | 10: Golpe frontal | 20: Impacto contundente","Impacto contundente","Sin pasiva individual","21 / 11 / 8 / 9 / 7 / 9"
"kingdew","Kingdew","2","Golpe","1: Golpe básico | 10: Golpe frontal | 20: Impacto contundente","Impacto contundente","Sin pasiva individual","20 / 10 / 8 / 8 / 7 / 9"
"speedjiru","Speed Jiru","2","Corte","1: Corte básico | 10: Corte doble | 20: Corte certero","Corte certero","Sin pasiva individual","19 / 10 / 8 / 8 / 7 / 8"
"squard","Squard","2","Corte","1: Corte básico | 10: Corte doble | 20: Corte certero","Corte certero","Sin pasiva individual","19 / 10 / 8 / 8 / 7 / 8"
"whiteybay","Whitey Bay","2","Hielo","1: Golpe helado | 10: Ráfaga helada | 20: Ventisca","Ventisca","Sin pasiva individual","19 / 9 / 8 / 11 / 9 / 8"
"oarsjr","Little Oars Jr.","3","Golpe / Tierra","1: Golpe básico | 10: Impacto sísmico | 20: Impacto contundente","Impacto contundente","Sin pasiva individual","23 / 12 / 9 / 10 / 8 / 10"
"tsuru","Tsuru","3","Fruta","1: Técnica de Fruta | 10: Dominio de Fruta | 20: Poder de Fruta","Poder de Fruta","Sin pasiva individual","25 / 12 / 9 / 14 / 10 / 11"
"stronger","Stronger","1","Golpe","1: Golpe básico | 10: Golpe frontal | 20: Impacto contundente","Impacto contundente","Sin pasiva individual","17 / 9 / 7 / 7 / 6 / 8"
"magellan","Magellan","4","Veneno / Fruta","1: Púa venenosa | 10: Dominio de Fruta | 20: Nube venenosa","Nube venenosa","+25% de daño de Veneno.","29 / 14 / 11 / 16 / 12 / 12"
"hannyabal","Hannyabal","3","Corte","1: Corte básico | 10: Corte doble | 20: Corte certero","Corte certero","Sin pasiva individual","23 / 12 / 9 / 10 / 8 / 10"
"sadie","Sadie","2","Golpe","1: Golpe básico | 10: Golpe frontal | 20: Impacto contundente","Impacto contundente","Sin pasiva individual","21 / 11 / 8 / 9 / 7 / 9"
"saldeath","Saldeath","2","Disparo","1: Disparo | 10: Disparo preciso | 20: Artillería","Artillería","Sin pasiva individual","21 / 11 / 8 / 9 / 7 / 9"
"domino","Domino","2","Golpe","1: Golpe básico | 10: Golpe frontal | 20: Impacto contundente","Impacto contundente","Sin pasiva individual","19 / 10 / 8 / 8 / 7 / 8"
"minotauros","Minotauros","2","Golpe","1: Golpe básico | 10: Golpe frontal | 20: Impacto contundente","Impacto contundente","Sin pasiva individual","20 / 10 / 8 / 8 / 7 / 9"
"momonga","Momonga","3","Corte","1: Corte básico | 10: Corte doble | 20: Corte certero","Corte certero","Sin pasiva individual","24 / 12 / 9 / 10 / 8 / 11"
"onigumo","Onigumo","3","Corte","1: Corte básico | 10: Corte doble | 20: Corte certero","Corte certero","Sin pasiva individual","24 / 12 / 9 / 10 / 8 / 11"
"doberman","Doberman","3","Corte","1: Corte básico | 10: Corte doble | 20: Corte certero","Corte certero","Sin pasiva individual","25 / 13 / 9 / 11 / 8 / 11"
"johngiant","John Giant","3","Corte / Tierra","1: Corte básico | 10: Impacto sísmico | 20: Corte certero","Corte certero","Sin pasiva individual","23 / 12 / 9 / 10 / 8 / 10"
"strawberry","Strawberry","3","Corte","1: Corte básico | 10: Corte doble | 20: Corte certero","Corte certero","Sin pasiva individual","24 / 12 / 9 / 10 / 8 / 11"
"yamakaji","Yamakaji","3","Corte","1: Corte básico | 10: Corte doble | 20: Corte certero","Corte certero","Sin pasiva individual","25 / 13 / 9 / 11 / 8 / 11"
"sengoku","Sengoku","5","Haki / Fruta","1: Armadura | 10: Dominio de Fruta | 20: Haki concentrado","Haki concentrado","+20% de defensa física y especial.","34 / 15 / 13 / 17 / 14 / 13"
"burgess","Jesus Burgess","3","Golpe","1: Golpe básico | 10: Golpe frontal | 20: Impacto contundente","Impacto contundente","Sin pasiva individual","24 / 12 / 9 / 10 / 8 / 11"
"shiryu","Shiryu","4","Corte","1: Corte básico | 10: Corte doble | 20: Corte certero","Corte certero","Sin pasiva individual","27 / 14 / 11 / 12 / 10 / 11"
"vanaugur","Van Augur","3","Disparo","1: Disparo | 10: Disparo preciso | 20: Artillería","Artillería","Sin pasiva individual","25 / 13 / 9 / 11 / 8 / 11"
"lafitte","Laffitte","3","Viento","1: Ráfaga | 10: Vendaval | 20: Tornado","Tornado","Sin pasiva individual","24 / 11 / 9 / 13 / 10 / 11"
"devon","Catarina Devon","3","Fruta","1: Técnica de Fruta | 10: Dominio de Fruta | 20: Poder de Fruta","Poder de Fruta","Sin pasiva individual","25 / 12 / 9 / 14 / 10 / 11"
"sanjuanwolf","Sanjuan Wolf","4","Tierra","1: Rocazo | 10: Impacto sísmico | 20: Ruptura terrestre","Ruptura terrestre","Sin pasiva individual","29 / 14 / 11 / 16 / 12 / 12"
"pizarro","Avalo Pizarro","3","Tierra / Fruta","1: Rocazo | 10: Dominio de Fruta | 20: Ruptura terrestre","Ruptura terrestre","Sin pasiva individual","24 / 11 / 9 / 13 / 10 / 11"
"vascoshot","Vasco Shot","3","Golpe","1: Golpe básico | 10: Golpe frontal | 20: Impacto contundente","Impacto contundente","Sin pasiva individual","23 / 12 / 9 / 10 / 8 / 10"
"docq","Doc Q","3","Veneno","1: Púa venenosa | 10: Gas tóxico | 20: Nube venenosa","Nube venenosa","Sin pasiva individual","24 / 11 / 9 / 13 / 10 / 11"
"neptune","Neptune","3","Agua","1: Chorro de agua | 10: Onda marina | 20: Torpedo acuático","Torpedo acuático","Sin pasiva individual","24 / 11 / 9 / 13 / 10 / 11"
"shirahoshi","Shirahoshi","3","Agua / Haki","1: Chorro de agua | 10: Impacto de Haki | 20: Torpedo acuático","Torpedo acuático","Sin pasiva individual","24 / 11 / 9 / 13 / 10 / 11"
"fukaboshi","Fukaboshi","3","Agua / Corte","1: Chorro de agua | 10: Corte doble | 20: Torpedo acuático","Torpedo acuático","Sin pasiva individual","23 / 11 / 9 / 13 / 10 / 10"
"ryuboshi","Ryuboshi","2","Agua","1: Chorro de agua | 10: Onda marina | 20: Torpedo acuático","Torpedo acuático","Sin pasiva individual","21 / 10 / 8 / 12 / 9 / 9"
"manboshi","Manboshi","2","Agua","1: Chorro de agua | 10: Onda marina | 20: Torpedo acuático","Torpedo acuático","Sin pasiva individual","21 / 10 / 8 / 12 / 9 / 9"
"otohime","Otohime","2","Haki","1: Armadura | 10: Impacto de Haki | 20: Haki concentrado","Haki concentrado","Sin pasiva individual","20 / 9 / 8 / 11 / 9 / 9"
"camie","Camie","1","Agua","1: Chorro de agua | 10: Onda marina | 20: Torpedo acuático","Torpedo acuático","Sin pasiva individual","17 / 8 / 7 / 10 / 8 / 8"
"pappag","Pappag","1","Agua","1: Chorro de agua | 10: Onda marina | 20: Torpedo acuático","Torpedo acuático","Sin pasiva individual","15 / 7 / 7 / 9 / 8 / 7"
"shyarly","Shyarly","2","Agua","1: Chorro de agua | 10: Onda marina | 20: Torpedo acuático","Torpedo acuático","Sin pasiva individual","20 / 9 / 8 / 11 / 9 / 9"
"den","Den","2","Agua","1: Chorro de agua | 10: Onda marina | 20: Torpedo acuático","Torpedo acuático","Sin pasiva individual","19 / 9 / 8 / 11 / 9 / 8"
"aladine","Aladine","2","Agua","1: Chorro de agua | 10: Onda marina | 20: Torpedo acuático","Torpedo acuático","Sin pasiva individual","20 / 9 / 8 / 11 / 9 / 9"
"praline","Praline","2","Agua","1: Chorro de agua | 10: Onda marina | 20: Torpedo acuático","Torpedo acuático","Sin pasiva individual","20 / 9 / 8 / 11 / 9 / 9"
"fishertiger","Fisher Tiger","4","Agua / Golpe","1: Chorro de agua | 10: Golpe frontal | 20: Torpedo acuático","Torpedo acuático","Sin pasiva individual","29 / 14 / 11 / 16 / 12 / 12"
"hammond","Hammond","1","Disparo","1: Disparo | 10: Disparo preciso | 20: Artillería","Artillería","Sin pasiva individual","16 / 8 / 7 / 6 / 6 / 8"
"hyouzou","Hyouzou","2","Corte / Veneno","1: Corte básico | 10: Gas tóxico | 20: Corte certero","Corte certero","Sin pasiva individual","20 / 10 / 8 / 8 / 7 / 9"
"dosun","Dosun","2","Golpe","1: Golpe básico | 10: Golpe frontal | 20: Impacto contundente","Impacto contundente","Sin pasiva individual","21 / 11 / 8 / 9 / 7 / 9"
"zeo","Zeo","2","Oscuridad","1: Golpe bajo | 10: Presión sombría | 20: Asalto sombrío","Asalto sombrío","Sin pasiva individual","19 / 9 / 8 / 11 / 9 / 8"
"daruma","Daruma","2","Corte","1: Corte básico | 10: Corte doble | 20: Corte certero","Corte certero","Sin pasiva individual","19 / 10 / 8 / 8 / 7 / 8"
"ikaros","Ikaros Much","2","Corte","1: Corte básico | 10: Corte doble | 20: Corte certero","Corte certero","Sin pasiva individual","19 / 10 / 8 / 8 / 7 / 8"
"decken","Vander Decken IX","3","Disparo / Fruta","1: Disparo | 10: Dominio de Fruta | 20: Artillería","Artillería","Sin pasiva individual","23 / 12 / 9 / 10 / 8 / 10"
"wadatsumi","Wadatsumi","3","Golpe / Tierra","1: Golpe básico | 10: Impacto sísmico | 20: Impacto contundente","Impacto contundente","Sin pasiva individual","23 / 12 / 9 / 10 / 8 / 10"
"hody","Hody Jones","4","Agua / Golpe","1: Chorro de agua | 10: Golpe frontal | 20: Torpedo acuático","Torpedo acuático","Sin pasiva individual","28 / 13 / 11 / 15 / 12 / 12"
"koala","Koala","2","Golpe","1: Golpe básico | 10: Golpe frontal | 20: Impacto contundente","Impacto contundente","Sin pasiva individual","21 / 11 / 8 / 9 / 7 / 9"
"hack","Hack","2","Golpe / Agua","1: Golpe básico | 10: Onda marina | 20: Impacto contundente","Impacto contundente","Sin pasiva individual","20 / 10 / 8 / 8 / 7 / 9"
"brownbeard","Brownbeard","2","Golpe","1: Golpe básico | 10: Golpe frontal | 20: Impacto contundente","Impacto contundente","Sin pasiva individual","20 / 10 / 8 / 8 / 7 / 9"
"mocha","Mocha","1","Golpe","1: Golpe básico | 10: Golpe frontal | 20: Impacto contundente","Impacto contundente","Sin pasiva individual","17 / 9 / 7 / 7 / 6 / 8"
"baby5","Baby 5","3","Disparo / Fruta","1: Disparo | 10: Dominio de Fruta | 20: Artillería","Artillería","Sin pasiva individual","25 / 13 / 9 / 11 / 8 / 11"
"viola","Viola","2","Haki / Fruta","1: Armadura | 10: Dominio de Fruta | 20: Haki concentrado","Haki concentrado","Sin pasiva individual","21 / 10 / 8 / 12 / 9 / 9"
"kyros","Kyros","4","Corte","1: Corte básico | 10: Corte doble | 20: Corte certero","Corte certero","+15% de daño físico.","29 / 15 / 11 / 13 / 10 / 12"
"rebecca","Rebecca","2","Corte","1: Corte básico | 10: Corte doble | 20: Corte certero","Corte certero","Sin pasiva individual","20 / 10 / 8 / 8 / 7 / 9"
"rikudold","Riku Dold III","2","Corte","1: Corte básico | 10: Corte doble | 20: Corte certero","Corte certero","Sin pasiva individual","21 / 11 / 8 / 9 / 7 / 9"
"scarlett","Scarlett","1","Haki","1: Armadura | 10: Impacto de Haki | 20: Haki concentrado","Haki concentrado","Sin pasiva individual","17 / 8 / 7 / 10 / 8 / 8"
"elizabello","Elizabello II","3","Golpe","1: Golpe básico | 10: Golpe frontal | 20: Impacto contundente","Impacto contundente","Sin pasiva individual","24 / 12 / 9 / 10 / 8 / 11"
"dagama","Dagama","1","Corte","1: Corte básico | 10: Corte doble | 20: Corte certero","Corte certero","Sin pasiva individual","15 / 8 / 7 / 6 / 6 / 7"
"tanklepanto","Tank Lepanto","1","Corte","1: Corte básico | 10: Corte doble | 20: Corte certero","Corte certero","Sin pasiva individual","17 / 9 / 7 / 7 / 6 / 8"
"cavendish","Cavendish","4","Corte","1: Corte básico | 10: Corte doble | 20: Corte certero","Corte certero","+25% de velocidad con menos del 50% de PS.","27 / 14 / 11 / 12 / 10 / 11"
"suleiman","Suleiman","2","Corte","1: Corte básico | 10: Corte doble | 20: Corte certero","Corte certero","Sin pasiva individual","21 / 11 / 8 / 9 / 7 / 9"
"bartolomeo","Bartolomeo","3","Fruta","1: Técnica de Fruta | 10: Dominio de Fruta | 20: Poder de Fruta","Poder de Fruta","Sin pasiva individual","24 / 11 / 9 / 13 / 10 / 11"
"gambia","Gambia","1","Disparo","1: Disparo | 10: Disparo preciso | 20: Artillería","Artillería","Sin pasiva individual","15 / 8 / 7 / 6 / 6 / 7"
"sai","Sai","3","Golpe","1: Golpe básico | 10: Golpe frontal | 20: Impacto contundente","Impacto contundente","Sin pasiva individual","23 / 12 / 9 / 10 / 8 / 10"
"boo","Boo","2","Golpe","1: Golpe básico | 10: Golpe frontal | 20: Impacto contundente","Impacto contundente","Sin pasiva individual","19 / 10 / 8 / 8 / 7 / 8"
"chinjao","Chinjao","3","Golpe / Haki","1: Golpe básico | 10: Impacto de Haki | 20: Impacto contundente","Impacto contundente","Sin pasiva individual","24 / 12 / 9 / 10 / 8 / 11"
"ideo","Ideo","2","Golpe / Fuego","1: Golpe básico | 10: Ráfaga ígnea | 20: Impacto contundente","Impacto contundente","Sin pasiva individual","20 / 10 / 8 / 8 / 7 / 9"
"bluegilly","Blue Gilly","2","Golpe","1: Golpe básico | 10: Golpe frontal | 20: Impacto contundente","Impacto contundente","Sin pasiva individual","19 / 10 / 8 / 8 / 7 / 8"
"abdullah","Abdullah","1","Corte","1: Corte básico | 10: Corte doble | 20: Corte certero","Corte certero","Sin pasiva individual","17 / 9 / 7 / 7 / 6 / 8"
"jeet","Jeet","1","Disparo","1: Disparo | 10: Disparo preciso | 20: Artillería","Artillería","Sin pasiva individual","16 / 8 / 7 / 6 / 6 / 8"
"leo","Leo","2","Golpe","1: Golpe básico | 10: Golpe frontal | 20: Impacto contundente","Impacto contundente","Sin pasiva individual","19 / 10 / 8 / 8 / 7 / 8"
"mansherry","Mansherry","2","Fruta","1: Técnica de Fruta | 10: Dominio de Fruta | 20: Poder de Fruta","Poder de Fruta","Sin pasiva individual","19 / 9 / 8 / 11 / 9 / 8"
"hajrudin","Hajrudin","3","Golpe / Tierra","1: Golpe básico | 10: Impacto sísmico | 20: Impacto contundente","Impacto contundente","Sin pasiva individual","25 / 13 / 9 / 11 / 8 / 11"
"orlumbus","Orlumbus","2","Golpe","1: Golpe básico | 10: Golpe frontal | 20: Impacto contundente","Impacto contundente","Sin pasiva individual","21 / 11 / 8 / 9 / 7 / 9"
"columbus","Columbus","1","Golpe","1: Golpe básico | 10: Golpe frontal | 20: Impacto contundente","Impacto contundente","Sin pasiva individual","17 / 9 / 7 / 7 / 6 / 8"
"caesar","Caesar Clown","3","Veneno / Fruta","1: Púa venenosa | 10: Dominio de Fruta | 20: Nube venenosa","Nube venenosa","Sin pasiva individual","23 / 11 / 9 / 13 / 10 / 10"
"monet","Monet","3","Hielo / Fruta","1: Golpe helado | 10: Dominio de Fruta | 20: Ventisca","Ventisca","Sin pasiva individual","25 / 12 / 9 / 14 / 10 / 11"
"vergo","Vergo","3","Golpe / Haki","1: Golpe básico | 10: Impacto de Haki | 20: Impacto contundente","Impacto contundente","Sin pasiva individual","25 / 13 / 9 / 11 / 8 / 11"
"sugar","Sugar","2","Fruta","1: Técnica de Fruta | 10: Dominio de Fruta | 20: Poder de Fruta","Poder de Fruta","Sin pasiva individual","21 / 10 / 8 / 12 / 9 / 9"
"jora","Jora","2","Fruta","1: Técnica de Fruta | 10: Dominio de Fruta | 20: Poder de Fruta","Poder de Fruta","Sin pasiva individual","20 / 9 / 8 / 11 / 9 / 9"
"buffalo","Buffalo","2","Fruta","1: Técnica de Fruta | 10: Dominio de Fruta | 20: Poder de Fruta","Poder de Fruta","Sin pasiva individual","20 / 9 / 8 / 11 / 9 / 9"
"trebol","Trebol","3","Fruta / Veneno","1: Técnica de Fruta | 10: Gas tóxico | 20: Poder de Fruta","Poder de Fruta","Sin pasiva individual","23 / 11 / 9 / 13 / 10 / 10"
"diamante","Diamante","3","Corte / Fruta","1: Corte básico | 10: Dominio de Fruta | 20: Corte certero","Corte certero","Sin pasiva individual","25 / 13 / 9 / 11 / 8 / 11"
"pica","Pica","3","Tierra / Fruta","1: Rocazo | 10: Dominio de Fruta | 20: Ruptura terrestre","Ruptura terrestre","Sin pasiva individual","24 / 11 / 9 / 13 / 10 / 11"
"senorpink","Señor Pink","2","Golpe / Fruta","1: Golpe básico | 10: Dominio de Fruta | 20: Impacto contundente","Impacto contundente","Sin pasiva individual","19 / 10 / 8 / 8 / 7 / 8"
"laog","Lao G","2","Golpe","1: Golpe básico | 10: Golpe frontal | 20: Impacto contundente","Impacto contundente","Sin pasiva individual","20 / 10 / 8 / 8 / 7 / 9"
"dellinger","Dellinger","2","Golpe","1: Golpe básico | 10: Golpe frontal | 20: Impacto contundente","Impacto contundente","Sin pasiva individual","19 / 10 / 8 / 8 / 7 / 8"
"machvise","Machvise","2","Golpe / Fruta","1: Golpe básico | 10: Dominio de Fruta | 20: Impacto contundente","Impacto contundente","Sin pasiva individual","21 / 11 / 8 / 9 / 7 / 9"
"gladius","Gladius","2","Fruta","1: Técnica de Fruta | 10: Dominio de Fruta | 20: Poder de Fruta","Poder de Fruta","Sin pasiva individual","20 / 9 / 8 / 11 / 9 / 9"
"fujitora","Issho (Fujitora)","5","Tierra / Fruta","1: Rocazo | 10: Dominio de Fruta | 20: Ruptura terrestre","Ruptura terrestre","Reduce un 20% la velocidad del rival activo.","35 / 16 / 13 / 18 / 14 / 13"
"reiju","Vinsmoke Reiju","3","Veneno / Golpe","1: Púa venenosa | 10: Golpe frontal | 20: Nube venenosa","Nube venenosa","Sin pasiva individual","25 / 12 / 9 / 14 / 10 / 11"
"sora","Vinsmoke Sora","2","Haki","1: Armadura | 10: Impacto de Haki | 20: Haki concentrado","Haki concentrado","Sin pasiva individual","20 / 9 / 8 / 11 / 9 / 9"
"cosette","Cosette","1","Golpe","1: Golpe básico | 10: Golpe frontal | 20: Impacto contundente","Impacto contundente","Sin pasiva individual","16 / 8 / 7 / 6 / 6 / 8"
"pudding","Charlotte Pudding","3","Fruta / Haki","1: Técnica de Fruta | 10: Impacto de Haki | 20: Poder de Fruta","Poder de Fruta","Sin pasiva individual","24 / 11 / 9 / 13 / 10 / 11"
"chiffon","Charlotte Chiffon","2","Golpe","1: Golpe básico | 10: Golpe frontal | 20: Impacto contundente","Impacto contundente","Sin pasiva individual","20 / 10 / 8 / 8 / 7 / 9"
"morgans","Morgans","2","Viento / Fruta","1: Ráfaga | 10: Dominio de Fruta | 20: Tornado","Tornado","Sin pasiva individual","20 / 9 / 8 / 11 / 9 / 9"
"pekoms","Pekoms","2","Golpe / Fruta","1: Golpe básico | 10: Dominio de Fruta | 20: Impacto contundente","Impacto contundente","Sin pasiva individual","19 / 10 / 8 / 8 / 7 / 8"
"streusen","Streusen","2","Corte / Fruta","1: Corte básico | 10: Dominio de Fruta | 20: Corte certero","Corte certero","Sin pasiva individual","21 / 11 / 8 / 9 / 7 / 9"
"kingbaum","King Baum","2","Tierra","1: Rocazo | 10: Impacto sísmico | 20: Ruptura terrestre","Ruptura terrestre","Sin pasiva individual","21 / 10 / 8 / 12 / 9 / 9"
"zeus2","Zeus","2","Rayo","1: Descarga | 10: Pulso eléctrico | 20: Tormenta eléctrica","Tormenta eléctrica","Sin pasiva individual","21 / 10 / 8 / 12 / 9 / 9"
"prometheus","Prometheus","2","Fuego","1: Llamarada | 10: Ráfaga ígnea | 20: Explosión de fuego","Explosión de fuego","Sin pasiva individual","20 / 9 / 8 / 11 / 9 / 9"
"napoleon","Napoleon","2","Corte","1: Corte básico | 10: Corte doble | 20: Corte certero","Corte certero","Sin pasiva individual","21 / 11 / 8 / 9 / 7 / 9"
"hera","Hera","2","Rayo","1: Descarga | 10: Pulso eléctrico | 20: Tormenta eléctrica","Tormenta eléctrica","Sin pasiva individual","20 / 9 / 8 / 11 / 9 / 9"
"tamago","Tamago","2","Corte","1: Corte básico | 10: Corte doble | 20: Corte certero","Corte certero","Sin pasiva individual","19 / 10 / 8 / 8 / 7 / 8"
"bobbin","Bobbin","2","Golpe","1: Golpe básico | 10: Golpe frontal | 20: Impacto contundente","Impacto contundente","Sin pasiva individual","19 / 10 / 8 / 8 / 7 / 8"
"judge","Vinsmoke Judge","4","Disparo / Corte","1: Disparo | 10: Corte doble | 20: Artillería","Artillería","Sin pasiva individual","29 / 15 / 11 / 13 / 10 / 12"
"ichiji","Vinsmoke Ichiji","3","Golpe / Fuego","1: Golpe básico | 10: Ráfaga ígnea | 20: Impacto contundente","Impacto contundente","Sin pasiva individual","23 / 12 / 9 / 10 / 8 / 10"
"niji","Vinsmoke Niji","3","Golpe / Rayo","1: Golpe básico | 10: Pulso eléctrico | 20: Impacto contundente","Impacto contundente","Sin pasiva individual","24 / 12 / 9 / 10 / 8 / 11"
"yonji","Vinsmoke Yonji","3","Golpe","1: Golpe básico | 10: Golpe frontal | 20: Impacto contundente","Impacto contundente","Sin pasiva individual","25 / 13 / 9 / 11 / 8 / 11"
"cracker","Charlotte Cracker","4","Corte / Fruta","1: Corte básico | 10: Dominio de Fruta | 20: Corte certero","Corte certero","Sin pasiva individual","28 / 14 / 11 / 12 / 10 / 12"
"brulee","Charlotte Brûlée","2","Fruta","1: Técnica de Fruta | 10: Dominio de Fruta | 20: Poder de Fruta","Poder de Fruta","Sin pasiva individual","19 / 9 / 8 / 11 / 9 / 8"
"perospero","Charlotte Perospero","3","Fruta","1: Técnica de Fruta | 10: Dominio de Fruta | 20: Poder de Fruta","Poder de Fruta","Sin pasiva individual","23 / 11 / 9 / 13 / 10 / 10"
"daifuku","Charlotte Daifuku","3","Corte / Fruta","1: Corte básico | 10: Dominio de Fruta | 20: Corte certero","Corte certero","Sin pasiva individual","24 / 12 / 9 / 10 / 8 / 11"
"oven","Charlotte Oven","3","Fuego / Fruta","1: Llamarada | 10: Dominio de Fruta | 20: Explosión de fuego","Explosión de fuego","Sin pasiva individual","24 / 11 / 9 / 13 / 10 / 11"
"opera","Charlotte Opera","2","Fruta","1: Técnica de Fruta | 10: Dominio de Fruta | 20: Poder de Fruta","Poder de Fruta","Sin pasiva individual","21 / 10 / 8 / 12 / 9 / 9"
"smoothie","Charlotte Smoothie","4","Corte / Fruta","1: Corte básico | 10: Dominio de Fruta | 20: Corte certero","Corte certero","Sin pasiva individual","29 / 15 / 11 / 13 / 10 / 12"
"montdor","Charlotte Mont-d'Or","2","Fruta","1: Técnica de Fruta | 10: Dominio de Fruta | 20: Poder de Fruta","Poder de Fruta","Sin pasiva individual","20 / 9 / 8 / 11 / 9 / 9"
"amande","Charlotte Amande","2","Corte","1: Corte básico | 10: Corte doble | 20: Corte certero","Corte certero","Sin pasiva individual","19 / 10 / 8 / 8 / 7 / 8"
"galette","Charlotte Galette","2","Fruta","1: Técnica de Fruta | 10: Dominio de Fruta | 20: Poder de Fruta","Poder de Fruta","Sin pasiva individual","20 / 9 / 8 / 11 / 9 / 9"
"snack","Charlotte Snack","3","Corte","1: Corte básico | 10: Corte doble | 20: Corte certero","Corte certero","Sin pasiva individual","25 / 13 / 9 / 11 / 8 / 11"
"flampe","Charlotte Flampe","1","Disparo","1: Disparo | 10: Disparo preciso | 20: Artillería","Artillería","Sin pasiva individual","15 / 8 / 7 / 6 / 6 / 7"
"moscato","Charlotte Moscato","2","Golpe","1: Golpe básico | 10: Golpe frontal | 20: Impacto contundente","Impacto contundente","Sin pasiva individual","20 / 10 / 8 / 8 / 7 / 9"
"bavarois","Charlotte Bavarois","2","Golpe","1: Golpe básico | 10: Golpe frontal | 20: Impacto contundente","Impacto contundente","Sin pasiva individual","21 / 11 / 8 / 9 / 7 / 9"
"anana","Charlotte Anana","1","Corte","1: Corte básico | 10: Corte doble | 20: Corte certero","Corte certero","Sin pasiva individual","17 / 9 / 7 / 7 / 6 / 8"
"kinemon","Kin'emon","3","Corte / Fuego","1: Corte básico | 10: Ráfaga ígnea | 20: Corte certero","Corte certero","Sin pasiva individual","24 / 12 / 9 / 10 / 8 / 11"
"momonosuke","Momonosuke","2","Fruta","1: Técnica de Fruta | 10: Dominio de Fruta | 20: Poder de Fruta","Poder de Fruta","Sin pasiva individual","20 / 9 / 8 / 11 / 9 / 9"
"hiyori","Kozuki Hiyori","2","Haki","1: Armadura | 10: Impacto de Haki | 20: Haki concentrado","Haki concentrado","Sin pasiva individual","19 / 9 / 8 / 11 / 9 / 8"
"toki","Kozuki Toki","2","Fruta","1: Técnica de Fruta | 10: Dominio de Fruta | 20: Poder de Fruta","Poder de Fruta","Sin pasiva individual","20 / 9 / 8 / 11 / 9 / 9"
"sukiyaki","Kozuki Sukiyaki","2","Corte","1: Corte básico | 10: Corte doble | 20: Corte certero","Corte certero","Sin pasiva individual","21 / 11 / 8 / 9 / 7 / 9"
"denjiro","Denjiro","4","Corte","1: Corte básico | 10: Corte doble | 20: Corte certero","Corte certero","Sin pasiva individual","28 / 14 / 11 / 12 / 10 / 12"
"kiku","Kikunojo","3","Corte","1: Corte básico | 10: Corte doble | 20: Corte certero","Corte certero","Sin pasiva individual","24 / 12 / 9 / 10 / 8 / 11"
"raizo","Raizo","3","Corte / Viento","1: Corte básico | 10: Vendaval | 20: Corte certero","Corte certero","Sin pasiva individual","25 / 13 / 9 / 11 / 8 / 11"
"ashuradoji","Ashura Doji","3","Corte","1: Corte básico | 10: Corte doble | 20: Corte certero","Corte certero","Sin pasiva individual","24 / 12 / 9 / 10 / 8 / 11"
"kawamatsu","Kawamatsu","3","Corte / Agua","1: Corte básico | 10: Onda marina | 20: Corte certero","Corte certero","Sin pasiva individual","23 / 12 / 9 / 10 / 8 / 10"
"shinobu","Shinobu","2","Fruta","1: Técnica de Fruta | 10: Dominio de Fruta | 20: Poder de Fruta","Poder de Fruta","Sin pasiva individual","20 / 9 / 8 / 11 / 9 / 9"
"hyogoro","Hyogoro","3","Golpe / Haki","1: Golpe básico | 10: Impacto de Haki | 20: Impacto contundente","Impacto contundente","Sin pasiva individual","24 / 12 / 9 / 10 / 8 / 11"
"yasuie","Shimotsuki Yasuie","2","Corte","1: Corte básico | 10: Corte doble | 20: Corte certero","Corte certero","Sin pasiva individual","19 / 10 / 8 / 8 / 7 / 8"
"ushimaru","Shimotsuki Ushimaru","3","Corte","1: Corte básico | 10: Corte doble | 20: Corte certero","Corte certero","Sin pasiva individual","25 / 13 / 9 / 11 / 8 / 11"
"tama","Tama","1","Fruta","1: Técnica de Fruta | 10: Dominio de Fruta | 20: Poder de Fruta","Poder de Fruta","Sin pasiva individual","16 / 7 / 7 / 9 / 8 / 8"
"toko","Toko","1","Golpe","1: Golpe básico | 10: Golpe frontal | 20: Impacto contundente","Impacto contundente","Sin pasiva individual","16 / 8 / 7 / 6 / 6 / 8"
"otsuru2","O-Tsuru","1","Golpe","1: Golpe básico | 10: Golpe frontal | 20: Impacto contundente","Impacto contundente","Sin pasiva individual","16 / 8 / 7 / 6 / 6 / 8"
"hitetsu","Tenguyama Hitetsu","2","Corte","1: Corte básico | 10: Corte doble | 20: Corte certero","Corte certero","Sin pasiva individual","20 / 10 / 8 / 8 / 7 / 9"
"inuarashi","Inuarashi","4","Corte","1: Corte básico | 10: Corte doble | 20: Corte certero","Corte certero","Sin pasiva individual","27 / 14 / 11 / 12 / 10 / 11"
"nekomamushi","Nekomamushi","4","Golpe","1: Golpe básico | 10: Golpe frontal | 20: Impacto contundente","Impacto contundente","Sin pasiva individual","29 / 15 / 11 / 13 / 10 / 12"
"carrot","Carrot","3","Golpe / Rayo","1: Golpe básico | 10: Pulso eléctrico | 20: Impacto contundente","Impacto contundente","Sin pasiva individual","23 / 12 / 9 / 10 / 8 / 10"
"pedro","Pedro","3","Corte","1: Corte básico | 10: Corte doble | 20: Corte certero","Corte certero","Sin pasiva individual","25 / 13 / 9 / 11 / 8 / 11"
"wanda","Wanda","2","Corte","1: Corte básico | 10: Corte doble | 20: Corte certero","Corte certero","Sin pasiva individual","21 / 11 / 8 / 9 / 7 / 9"
"shishilian","Shishilian","2","Corte","1: Corte básico | 10: Corte doble | 20: Corte certero","Corte certero","Sin pasiva individual","20 / 10 / 8 / 8 / 7 / 9"
"killer","Killer","3","Corte","1: Corte básico | 10: Corte doble | 20: Corte certero","Corte certero","Sin pasiva individual","23 / 12 / 9 / 10 / 8 / 10"
"drake","X Drake","3","Corte / Fruta","1: Corte básico | 10: Dominio de Fruta | 20: Corte certero","Corte certero","Sin pasiva individual","25 / 13 / 9 / 11 / 8 / 11"
"zunesha","Zunesha","4","Tierra / Haki","1: Rocazo | 10: Impacto de Haki | 20: Ruptura terrestre","Ruptura terrestre","Sin pasiva individual","28 / 13 / 11 / 15 / 12 / 12"
"hawkins","Basil Hawkins","3","Oscuridad / Fruta","1: Golpe bajo | 10: Dominio de Fruta | 20: Asalto sombrío","Asalto sombrío","Sin pasiva individual","24 / 11 / 9 / 13 / 10 / 11"
"apoo","Scratchmen Apoo","3","Rayo / Fruta","1: Descarga | 10: Dominio de Fruta | 20: Tormenta eléctrica","Tormenta eléctrica","Sin pasiva individual","24 / 11 / 9 / 13 / 10 / 11"
"holdem","Holdem","2","Fuego","1: Llamarada | 10: Ráfaga ígnea | 20: Explosión de fuego","Explosión de fuego","Sin pasiva individual","19 / 9 / 8 / 11 / 9 / 8"
"speed","Speed","2","Golpe","1: Golpe básico | 10: Golpe frontal | 20: Impacto contundente","Impacto contundente","Sin pasiva individual","21 / 11 / 8 / 9 / 7 / 9"
"babanuki","Babanuki","2","Disparo","1: Disparo | 10: Disparo preciso | 20: Artillería","Artillería","Sin pasiva individual","21 / 11 / 8 / 9 / 7 / 9"
"dobon","Dobon","2","Golpe","1: Golpe básico | 10: Golpe frontal | 20: Impacto contundente","Impacto contundente","Sin pasiva individual","21 / 11 / 8 / 9 / 7 / 9"
"daifugo","Daifugo","2","Veneno","1: Púa venenosa | 10: Gas tóxico | 20: Nube venenosa","Nube venenosa","Sin pasiva individual","20 / 9 / 8 / 11 / 9 / 9"
"batman","Batman","2","Disparo","1: Disparo | 10: Disparo preciso | 20: Artillería","Artillería","Sin pasiva individual","19 / 10 / 8 / 8 / 7 / 8"
"gazelleman","Gazelleman","2","Golpe","1: Golpe básico | 10: Golpe frontal | 20: Impacto contundente","Impacto contundente","Sin pasiva individual","20 / 10 / 8 / 8 / 7 / 9"
"baohuang","Bao Huang","1","Oscuridad","1: Golpe bajo | 10: Presión sombría | 20: Asalto sombrío","Asalto sombrío","Sin pasiva individual","17 / 8 / 7 / 10 / 8 / 8"
"fukurokuju","Fukurokuju","3","Oscuridad","1: Golpe bajo | 10: Presión sombría | 20: Asalto sombrío","Asalto sombrío","Sin pasiva individual","24 / 11 / 9 / 13 / 10 / 11"
"kanjuro","Kanjuro","3","Fruta / Oscuridad","1: Técnica de Fruta | 10: Presión sombría | 20: Poder de Fruta","Poder de Fruta","Sin pasiva individual","24 / 11 / 9 / 13 / 10 / 11"
"orochi","Kurozumi Orochi","3","Fruta / Oscuridad","1: Técnica de Fruta | 10: Presión sombría | 20: Poder de Fruta","Poder de Fruta","Sin pasiva individual","23 / 11 / 9 / 13 / 10 / 10"
"jack","Jack","4","Golpe / Fruta","1: Golpe básico | 10: Dominio de Fruta | 20: Impacto contundente","Impacto contundente","Sin pasiva individual","28 / 14 / 11 / 12 / 10 / 12"
"ulti","Ulti","3","Golpe / Fruta","1: Golpe básico | 10: Dominio de Fruta | 20: Impacto contundente","Impacto contundente","Sin pasiva individual","24 / 12 / 9 / 10 / 8 / 11"
"pageone","Page One","3","Golpe / Fruta","1: Golpe básico | 10: Dominio de Fruta | 20: Impacto contundente","Impacto contundente","Sin pasiva individual","24 / 12 / 9 / 10 / 8 / 11"
"whoswho","Who's-Who","3","Corte / Fruta","1: Corte básico | 10: Dominio de Fruta | 20: Corte certero","Corte certero","Sin pasiva individual","24 / 12 / 9 / 10 / 8 / 11"
"sasaki","Sasaki","3","Golpe / Fruta","1: Golpe básico | 10: Dominio de Fruta | 20: Impacto contundente","Impacto contundente","Sin pasiva individual","23 / 12 / 9 / 10 / 8 / 10"
"blackmaria","Black Maria","3","Fuego / Fruta","1: Llamarada | 10: Dominio de Fruta | 20: Explosión de fuego","Explosión de fuego","Sin pasiva individual","24 / 11 / 9 / 13 / 10 / 11"
"fugan","Fugan","2","Viento","1: Ráfaga | 10: Vendaval | 20: Tornado","Tornado","Sin pasiva individual","21 / 10 / 8 / 12 / 9 / 9"
"jaki","Jaki","2","Golpe","1: Golpe básico | 10: Golpe frontal | 20: Impacto contundente","Impacto contundente","Sin pasiva individual","20 / 10 / 8 / 8 / 7 / 9"
"goki","Goki","2","Golpe","1: Golpe básico | 10: Golpe frontal | 20: Impacto contundente","Impacto contundente","Sin pasiva individual","20 / 10 / 8 / 8 / 7 / 9"
"shaka","Shaka","3","Haki","1: Armadura | 10: Impacto de Haki | 20: Haki concentrado","Haki concentrado","Sin pasiva individual","25 / 12 / 9 / 14 / 10 / 11"
"lilith","Lilith","3","Disparo","1: Disparo | 10: Disparo preciso | 20: Artillería","Artillería","Sin pasiva individual","23 / 12 / 9 / 10 / 8 / 10"
"edison","Edison","2","Rayo","1: Descarga | 10: Pulso eléctrico | 20: Tormenta eléctrica","Tormenta eléctrica","Sin pasiva individual","19 / 9 / 8 / 11 / 9 / 8"
"pythagoras","Pythagoras","2","Disparo","1: Disparo | 10: Disparo preciso | 20: Artillería","Artillería","Sin pasiva individual","20 / 10 / 8 / 8 / 7 / 9"
"atlas","Atlas","3","Golpe","1: Golpe básico | 10: Golpe frontal | 20: Impacto contundente","Impacto contundente","Sin pasiva individual","25 / 13 / 9 / 11 / 8 / 11"
"stussy","Stussy","3","Oscuridad","1: Golpe bajo | 10: Presión sombría | 20: Asalto sombrío","Asalto sombrío","Sin pasiva individual","23 / 11 / 9 / 13 / 10 / 10"
"karasu","Karasu","3","Oscuridad / Viento","1: Golpe bajo | 10: Vendaval | 20: Asalto sombrío","Asalto sombrío","Sin pasiva individual","23 / 11 / 9 / 13 / 10 / 10"
"betty","Belo Betty","3","Haki / Fruta","1: Armadura | 10: Dominio de Fruta | 20: Haki concentrado","Haki concentrado","Sin pasiva individual","25 / 12 / 9 / 14 / 10 / 11"
"morley","Morley","3","Tierra / Fruta","1: Rocazo | 10: Dominio de Fruta | 20: Ruptura terrestre","Ruptura terrestre","Sin pasiva individual","23 / 11 / 9 / 13 / 10 / 10"
"lindbergh","Lindbergh","2","Disparo","1: Disparo | 10: Disparo preciso | 20: Artillería","Artillería","Sin pasiva individual","19 / 10 / 8 / 8 / 7 / 8"
"rayleigh","Silvers Rayleigh","5","Haki / Corte","1: Armadura | 10: Corte doble | 20: Haki concentrado","Haki concentrado","Sin pasiva individual","35 / 16 / 13 / 18 / 14 / 13"
"gaban","Scopper Gaban","4","Corte","1: Corte básico | 10: Corte doble | 20: Corte certero","Corte certero","Sin pasiva individual","29 / 15 / 11 / 13 / 10 / 12"
"crocus","Crocus","3","Golpe","1: Golpe básico | 10: Golpe frontal | 20: Impacto contundente","Impacto contundente","Sin pasiva individual","23 / 12 / 9 / 10 / 8 / 10"
"benn","Benn Beckman","4","Disparo / Haki","1: Disparo | 10: Impacto de Haki | 20: Artillería","Artillería","Sin pasiva individual","28 / 14 / 11 / 12 / 10 / 12"
"luckyroux","Lucky Roux","3","Disparo","1: Disparo | 10: Disparo preciso | 20: Artillería","Artillería","Sin pasiva individual","23 / 12 / 9 / 10 / 8 / 10"
"yasopp","Yasopp","3","Disparo","1: Disparo | 10: Disparo preciso | 20: Artillería","Artillería","Sin pasiva individual","23 / 12 / 9 / 10 / 8 / 10"
"rockstar","Rockstar","2","Corte","1: Corte básico | 10: Corte doble | 20: Corte certero","Corte certero","Sin pasiva individual","21 / 11 / 8 / 9 / 7 / 9"
"rocinante","Donquixote Rocinante","3","Oscuridad / Fruta","1: Golpe bajo | 10: Dominio de Fruta | 20: Asalto sombrío","Asalto sombrío","Sin pasiva individual","23 / 11 / 9 / 13 / 10 / 10"
"homing","Donquixote Homing","1","Haki","1: Armadura | 10: Impacto de Haki | 20: Haki concentrado","Haki concentrado","Sin pasiva individual","15 / 7 / 7 / 9 / 8 / 7"
"mjosgard","Donquixote Mjosgard","1","Golpe","1: Golpe básico | 10: Golpe frontal | 20: Impacto contundente","Impacto contundente","Sin pasiva individual","17 / 9 / 7 / 7 / 6 / 8"
"weevil","Edward Weevil","3","Corte","1: Corte básico | 10: Corte doble | 20: Corte certero","Corte certero","Sin pasiva individual","23 / 12 / 9 / 10 / 8 / 10"
"bakkin","Miss Bakkin","1","Golpe","1: Golpe básico | 10: Golpe frontal | 20: Impacto contundente","Impacto contundente","Sin pasiva individual","15 / 8 / 7 / 6 / 6 / 7"
"york","York","3","Veneno","1: Púa venenosa | 10: Gas tóxico | 20: Nube venenosa","Nube venenosa","Sin pasiva individual","24 / 11 / 9 / 13 / 10 / 11"
"ssnake","S-Snake","3","Fruta","1: Técnica de Fruta | 10: Dominio de Fruta | 20: Poder de Fruta","Poder de Fruta","Sin pasiva individual","23 / 11 / 9 / 13 / 10 / 10"
"shawk","S-Hawk","3","Corte / Fruta","1: Corte básico | 10: Dominio de Fruta | 20: Corte certero","Corte certero","Sin pasiva individual","25 / 13 / 9 / 11 / 8 / 11"
"sshark","S-Shark","3","Agua / Golpe","1: Chorro de agua | 10: Golpe frontal | 20: Torpedo acuático","Torpedo acuático","Sin pasiva individual","23 / 11 / 9 / 13 / 10 / 10"
"sbear","S-Bear","3","Fruta","1: Técnica de Fruta | 10: Dominio de Fruta | 20: Poder de Fruta","Poder de Fruta","Sin pasiva individual","25 / 12 / 9 / 14 / 10 / 11"
"sflamingo","S-Flamingo","3","Fruta","1: Técnica de Fruta | 10: Dominio de Fruta | 20: Poder de Fruta","Poder de Fruta","Sin pasiva individual","23 / 11 / 9 / 13 / 10 / 10"
"sgecko","S-Gecko","3","Oscuridad","1: Golpe bajo | 10: Presión sombría | 20: Asalto sombrío","Asalto sombrío","Sin pasiva individual","23 / 11 / 9 / 13 / 10 / 10"
"scroc","S-Crocodile","3","Tierra","1: Rocazo | 10: Impacto sísmico | 20: Ruptura terrestre","Ruptura terrestre","Sin pasiva individual","25 / 12 / 9 / 14 / 10 / 11"
"ryokugyu","Aramaki (Ryokugyu)","5","Tierra / Fruta","1: Rocazo | 10: Dominio de Fruta | 20: Ruptura terrestre","Ruptura terrestre","Cura al aliado activo un 5% de PS por ronda; el Clímax reduce la curación.","35 / 16 / 13 / 18 / 14 / 13"
"charlos","Charlos","1","Golpe","1: Golpe básico | 10: Golpe frontal | 20: Impacto contundente","Impacto contundente","Sin pasiva individual","16 / 8 / 7 / 6 / 6 / 8"
"rosward","Rosward","1","Corte","1: Corte básico | 10: Corte doble | 20: Corte certero","Corte certero","Sin pasiva individual","16 / 8 / 7 / 6 / 6 / 8"
"shalria","Shalria","1","Golpe","1: Golpe básico | 10: Golpe frontal | 20: Impacto contundente","Impacto contundente","Sin pasiva individual","16 / 8 / 7 / 6 / 6 / 8"
"garling","Figarland Garling","5","Corte / Haki","1: Corte básico | 10: Impacto de Haki | 20: Corte certero","Corte certero","+20% de daño físico.","34 / 16 / 13 / 14 / 12 / 13"
"saturn","Jaygarcia Saturn","5","Oscuridad / Fruta","1: Golpe bajo | 10: Dominio de Fruta | 20: Asalto sombrío","Asalto sombrío","Recupera un 5% de sus PS por ronda; el Clímax reduce la curación.","33 / 15 / 13 / 17 / 14 / 12"
"mars","Marcus Mars","5","Viento / Fruta","1: Ráfaga | 10: Dominio de Fruta | 20: Tornado","Tornado","+20% de velocidad.","34 / 15 / 13 / 17 / 14 / 13"
"warcury","Topman Warcury","5","Golpe / Fruta","1: Golpe básico | 10: Dominio de Fruta | 20: Impacto contundente","Impacto contundente","+25% de defensa física y especial.","34 / 16 / 13 / 14 / 12 / 13"
"nusjuro","Ethanbaron V. Nusjuro","5","Corte / Hielo","1: Corte básico | 10: Ráfaga helada | 20: Corte certero","Corte certero","+20% de daño de Corte e Hielo.","34 / 16 / 13 / 14 / 12 / 13"
"jupeter","Shepherd Ju Peter","5","Tierra / Fruta","1: Rocazo | 10: Dominio de Fruta | 20: Ruptura terrestre","Ruptura terrestre","+20% de defensa física y especial.","34 / 15 / 13 / 17 / 14 / 13"
"im","Im","5","Oscuridad / Haki","1: Golpe bajo | 10: Impacto de Haki | 20: Asalto sombrío","Asalto sombrío","+25% de daño de Oscuridad y Haki. Interpretación para el juego.","35 / 16 / 13 / 18 / 14 / 13"
"xebec","Rocks D. Xebec","5","Oscuridad / Haki","1: Golpe bajo | 10: Impacto de Haki | 20: Asalto sombrío","Asalto sombrío","+25% de ataque.","35 / 16 / 13 / 18 / 14 / 13"
"shiki","Shiki","4","Viento / Fruta","1: Ráfaga | 10: Dominio de Fruta | 20: Tornado","Tornado","Sin pasiva individual","29 / 14 / 11 / 16 / 12 / 12"
"john","Captain John","2","Corte","1: Corte básico | 10: Corte doble | 20: Corte certero","Corte certero","Sin pasiva individual","20 / 10 / 8 / 8 / 7 / 9"
"sengoku2","Kong","4","Golpe","1: Golpe básico | 10: Golpe frontal | 20: Impacto contundente","Impacto contundente","Sin pasiva individual","29 / 15 / 11 / 13 / 10 / 12"
"joyboy","Joy Boy","5","Golpe / Haki","1: Golpe básico | 10: Impacto de Haki | 20: Impacto contundente","Impacto contundente","Sin pasiva individual","33 / 16 / 13 / 14 / 12 / 12"
"lili","Nefertari D. Lili","3","Haki","1: Armadura | 10: Impacto de Haki | 20: Haki concentrado","Haki concentrado","Sin pasiva individual","24 / 11 / 9 / 13 / 10 / 11"
"emeth","Emeth","4","Golpe / Tierra","1: Golpe básico | 10: Impacto sísmico | 20: Impacto contundente","Impacto contundente","Sin pasiva individual","29 / 15 / 11 / 13 / 10 / 12"
"naruto","Naruto Uzumaki","4","Viento / Haki","1: Ráfaga | 10: Impacto de Haki | 20: Tornado","Rasengan Shuriken","+15% de daño de Viento y de velocidad.","27 / 13 / 11 / 15 / 12 / 11"
"sasuke","Sasuke Uchiha","4","Rayo / Fuego","1: Descarga | 10: Ráfaga ígnea | 20: Tormenta eléctrica","Kirin","+15 puntos de crítico y +15% de daño de Rayo.","27 / 13 / 11 / 15 / 12 / 11"
"kakashi","Kakashi Hatake","4","Rayo / Corte","1: Descarga | 10: Corte doble | 20: Tormenta eléctrica","Raikiri","+15 puntos de evasión y +15% de velocidad.","28 / 13 / 11 / 15 / 12 / 12"
"madara","Madara Uchiha","5","Fuego / Oscuridad","1: Llamarada | 10: Presión sombría | 20: Explosión de fuego","Tengai Shinsei","+25% de defensa física y especial.","33 / 15 / 13 / 17 / 14 / 12"
"orochimaru","Orochimaru","4","Veneno / Oscuridad","1: Púa venenosa | 10: Presión sombría | 20: Nube venenosa","Técnica de la Serpiente de 8 Cabezas","Recupera un 5% de sus PS por ronda; el Clímax reduce la curación.","28 / 13 / 11 / 15 / 12 / 12"
"itadori","Yuji Itadori","4","Golpe / Oscuridad","1: Golpe básico | 10: Presión sombría | 20: Impacto contundente","Kokusen (Destello Negro)","+15% de daño físico.","28 / 14 / 11 / 12 / 10 / 12"
"yuta","Yuta Okkotsu","4","Corte / Haki","1: Corte básico | 10: Impacto de Haki | 20: Corte certero","Amor Puro (Rika)","+15% de daño especial.","28 / 14 / 11 / 12 / 10 / 12"
"gojo","Satoru Gojo","4","Oscuridad / Haki","1: Golpe bajo | 10: Impacto de Haki | 20: Asalto sombrío","Vacío Inconmensurable","Esquiva el primer ataque del combate.","28 / 13 / 11 / 15 / 12 / 12"
"sukuna","Ryomen Sukuna","5","Corte / Oscuridad","1: Corte básico | 10: Presión sombría | 20: Corte certero","Expansión de Dominio: Santuario Malévolo","+20% de daño de Corte.","33 / 16 / 13 / 14 / 12 / 12"
"tanjiro","Tanjiro Kamado","4","Agua / Fuego","1: Chorro de agua | 10: Ráfaga ígnea | 20: Torpedo acuático","Danza del Dios del Fuego","+15% de daño de Fuego y Agua.","28 / 13 / 11 / 15 / 12 / 12"
"zenitsu","Zenitsu Agatsuma","4","Rayo / Corte","1: Descarga | 10: Corte doble | 20: Tormenta eléctrica","Respiración del Rayo: 7ª Postura","+30% de velocidad y +15 puntos de crítico.","28 / 13 / 11 / 15 / 12 / 12"
"inosuke","Inosuke Hashibira","4","Corte / Golpe","1: Corte básico | 10: Golpe frontal | 20: Corte certero","Colmillo Desgarrador","+15% de daño físico.","28 / 14 / 11 / 12 / 10 / 12"
"nezuko","Nezuko Kamado","4","Fuego / Oscuridad","1: Llamarada | 10: Presión sombría | 20: Explosión de fuego","Explosión de Sangre","+15% de daño de Fuego y -10% de daño recibido.","27 / 13 / 11 / 15 / 12 / 11"
"kibutsuji","Muzan Kibutsuji","5","Oscuridad / Veneno","1: Golpe bajo | 10: Gas tóxico | 20: Asalto sombrío","Látigos de Sangre Demoniaca","Cura al aliado activo un 5% de PS por ronda; el Clímax reduce la curación.","33 / 15 / 13 / 17 / 14 / 12"
"goku","Goku","4","Golpe / Haki","1: Golpe básico | 10: Impacto de Haki | 20: Impacto contundente","Kamehameha x10","+20% de ataque con menos del 70% de PS.","28 / 14 / 11 / 12 / 10 / 12"
"vegeta","Vegeta","4","Golpe / Rayo","1: Golpe básico | 10: Pulso eléctrico | 20: Impacto contundente","Final Flash","+15% de ataque y +10 puntos de crítico.","27 / 14 / 11 / 12 / 10 / 11"
"gohan","Gohan","4","Golpe / Rayo","1: Golpe básico | 10: Pulso eléctrico | 20: Impacto contundente","Kamehameha Padre e Hijo","+20% de ataque tras recibir un golpe en combate.","29 / 15 / 11 / 13 / 10 / 12"
"gokuui","Goku Ultra Instinto","5","Golpe / Haki","1: Golpe básico | 10: Impacto de Haki | 20: Impacto contundente","Doctrina Suprema","+25 puntos de evasión y +20% de velocidad.","33 / 16 / 13 / 14 / 12 / 12"
"jiren","Jiren","5","Golpe / Haki","1: Golpe básico | 10: Impacto de Haki | 20: Impacto contundente","Impacto de Poder","+25% de ataque y defensa.","35 / 17 / 13 / 15 / 12 / 13"
"cell","Cell","5","Veneno / Rayo","1: Púa venenosa | 10: Pulso eléctrico | 20: Nube venenosa","Kamehameha Solar","Recupera un 5% de sus PS por ronda; el Clímax reduce la curación.","34 / 15 / 13 / 17 / 14 / 13"
"frieza","Freezer","5","Hielo / Oscuridad","1: Golpe helado | 10: Presión sombría | 20: Ventisca","Supernova","+20% de daño contra rivales con menos del 50% de PS.","33 / 15 / 13 / 17 / 14 / 12"
"zenosama","Zeno-sama","5","Oscuridad / Haki","1: Golpe bajo | 10: Impacto de Haki | 20: Asalto sombrío","Borrado Divino","+25% de daño de ataques.","35 / 16 / 13 / 18 / 14 / 13"
"saitama","Saitama","5","Golpe / Haki","1: Golpe básico | 10: Impacto de Haki | 20: Impacto contundente","Puñetazo Serio","+35% de daño físico y +0,50 al multiplicador de daño crítico.","34 / 16 / 13 / 14 / 12 / 13"
"genos","Genos","4","Fuego / Rayo","1: Llamarada | 10: Pulso eléctrico | 20: Explosión de fuego","Cañón de Incineración","+20% de daño de Fuego y Rayo.","29 / 14 / 11 / 16 / 12 / 12"
"garou","Garou","4","Golpe / Oscuridad","1: Golpe básico | 10: Presión sombría | 20: Impacto contundente","Puño de Liberación del Agua","+15% de ataque y +10 puntos de evasión.","29 / 15 / 11 / 13 / 10 / 12"
"tatsumaki","Tatsumaki","4","Viento / Haki","1: Ráfaga | 10: Impacto de Haki | 20: Tornado","Meteoro Psíquico","+20% de daño especial.","27 / 13 / 11 / 15 / 12 / 11"
